1	2	3	4	5	6	7	8	9	10	11	12	13	14	15	16	17	18	19	20	21	22	23	24	25	26	27	28	29	30	31	32	33	34	35	36	37	38	39	40	41	42	43	44	45	46	47
Pulldownmenue	Legend Points	Name	Alias	Rank	Affiliate	Affinity	Identification	Hates	Aversion	Elite	Elite Boss	Minion	Corrupt Policeman	Reputation	Funding	Willpower	Strength	Movement	Attack	Defense	Endurance	Special	Weapon 1	Weapon 2	Weapon 3	Weapon 4	Weapon 5	Trait 1	Trait 2	Trait 3	Trait 4	Trait 5	Trait 6	Trait 7	Trait 8	Trait 9	Trait 10	Trait 11	Trait 12	KM Shop Description	Equipment Requirement	Affiliate 1	Affiliate 2	Affiliate 3	Affiliate 4	
404 - 35 - 0	0	Unknown	404	Henchman	Two-Face		404							35	0	5	5+	2	4	4	5	3	Baseball Bat	-	-	-	-	Devastating Blow (1SC)	Gas Mask	Brutal	Criminal	Mobster	-	-	-	-	-	-	-	SPICE AND TWO-FACE THUGS		Two-Face				
Aaron Cash - 55 - 150	0	Aaron Cash	Unknown	Sidekick	Law Forces	Batman	Aaron Cash		Killer Croc					55	150	6	4+	2	4	3	6	3	Shotgun	Claws	-	-	-	Bulletproof Vest	Hardened	Lantern (1SC)	Searcher	Unstoppable (1SC)	-	-	-	-	-	-	-	AARON CASH AND QUICK RESPONSE TEAM						
Agent O'Connell - 29 - 0	0	Agent O'Connell	Agent O'Connell	Henchman	Batman / Green Arrow / LAW Forces 		Agent O'Connell						Corrupt	29	0	5	5+	2	3	3	6	3	Taser Shock	-	-	-	-	Arrest (1MC+1SC)	Veteran	-	-	-	-	-	-	-	-	-	-	GOTHAM POLICE SET II		Batman	Green Arrow	Law Forces		
Agent Ron - 25 - 300	0	Agent Ron	Agent Ron	Henchman	Batman / Green Arrow / LAW Forces 		Agent Ron						Corrupt	25	300	5	5+	2	3	3	4	3	Automatic Gun Light	Baton Heavy	-	-	-	Arrest (1MC+1SC)	Street Guy	-	-	-	-	-	-	-	-	-	-	GOTHAM POLICE SET I		Batman	Green Arrow	Law Forces		
Alfred Pennyworth - Promo - 30 - 0	0	Alfred Pennyworth	Alfred Pennyworth	Henchman	Batman		Alfred Pennyworth							30	0	5	5+	2	2	3	5	3	Unarmed	-	-	-	-	Business Agent	Medic (2SC)	Informer	Veteran	-	-	-	-	-	-	-	-	Promotional		Batman		Law Forces		
Alpha - E - 38 - 500	0	Michael Sommers	Alpha	Henchman	Batman / Green Arrow / LAW Forces		Michael Sommers			S.W.A.T.			Corrupt	38	500	5	5+	3	3	3	5	3	Automatic Rifle	-	-	-	-	Shooter	Lantern (1SC)	Bulletproof Vest	-	-	-	-	-	-	-	-	-	COMMISSIONER GORDON & SWAT TEAM		Batman	Green Arrow	Law Forces		
Amanda Waller	0			Leader																																										
Anatoly - 33 - 0	0	Unknown	Anatoly	Henchman	Black Mask		Anatoly							33	0	6	4+	2	3	3	7	3	Knife	-	-	-	-	Football Gear	Tireless	Veteran	Brutal	-	-	-	-	-	-	-	-	BLACK MASK'S CREW		Black Mask				
Aqualad	0																											-																		
Arkham Knight - EB - 95 - 500	0	Jason Todd	Arkham Knight	Sidekick	Scarecrow		Jason Todd				Militia Brute			95	500	7	4+	4	4	4	7	3	Automatic Gun Light	Combined Sniper Guns	-	-	-	Acrobat	Kevlar Vest	Rapid Fire (1SC)	Arrogant	Agile	Martial Artist	Order (1SC)	Strategist	-	-	-	-	ARKHAM KNIGHT	Arkham Knight J.T.	Scarecrow				
Arkham Knight - Sniper Ver - EB - 105 - 0	0	Jason Todd	Arkham Knight	Leader	Scarecrow	Batman (AK)	Jason Todd							105	0	7	4+	4	4	4	7	3	Combined Sniper Guns MKII	EM Smoke Grenades	-	-	-	Acrobat	Kevlar Vest	Rapid Fire (1SC)	Agile	Martial Artist	Undercover	Vanish (1MC+2SC)	Fully Equipped	-										
Arrow - CW - 125 - 0	0	Oliver Queen	Arrow (CW)	Leader	Green Arrow		Oliver Queen							125	0	7	4+	4	4	4	8	3	Bow Standard Arrow 2	Bow Serrated Arrow	Bow Concusion Arrow	-	-	Acrobat	Good Aim	Hook Arrow (1SC+1MC / Batclaw)	Multifire (2SC)	Shooter	Master Marksman	Counter Attack	Stealth	-	-	-	-	ARROW	Oliver Queen	Green Arrow				
Arsenal - 74 - 200	0	Roy Harper	Arsenal (was Speedy)	Sidekick	Green Arrow		Roy Harper							74	200	6	4+	3	3	4	7	3	Bow Standard Arrow 2	Explosive Arrow	-	-	-	Rapid Fire (1SC)	Acrobat	Good Aim	Undercover	Charge (1SC+1MC)	-	-	-	-	-	-	-	ARSENAL/SPEEDY	Roy Harper	Green Arrow				
Asker - 38 - 200	0	Unknown	Asker	Henchman	Joker & Harley		Asker							38	200	5	4+	3	3	3	6	3	Gun Light	Meat Knife	-	-	-	Demential Laughter (Distract (1SC))	Bloodthirsty (MD)	Fast	Psycho	-	-	-	-	-	-	-	-	JOKER'S CLOWNS		Joker				
August - 25 - 0	0	Unknown	August	Henchman	Joker & Harley		August							25	0	5	5+	2	3	3	4	3	Axe	-	-	-	-	Psycho	Tireless	-	-	-	-	-	-	-	-	-	-	JOKER'S CLOWNS SET I		Joker				
Azreal - Arkham Knight - 77 - 150	0	Michael Washington Lane	Azreal AK	Free Agent	Batman		Michael Washington Lane							77	150	6	3+	3	4	4	7	3	Sword of Sin	Gauntlet Thorns	-	-	-	Devastating	Acrobat	Bipolar (MD)	Fast	Kevlar Vest	Night Vision	-	-	-	-	-	-	AZRAEL (ARKHAM KNIGHT)		Batman				
B.A. - Tournament Card - 43 - 0	0	Classified	B.A.	Henchman	Unknown		B.A.	Joker / Penguin						43	0	6	4+	2	3	3	7	3	BiggaSticka	-	-	-	-	360° Attack with (1SC+AC): Stick	Handyman	Runaway	Sturdy	-	-	-	-	-	-	-	-	Tournament Card (Prisoner 02)		Unknown				
Bane - Arkham City - 150 - 0	0	Unknown	Bane (AC)	Leader	Bane	Batman	Bane							150	0	8	3+	3	6	3	10	3	Reinforced Gloves	-	-	-	-	Titan Addict	Titan Dose x2	Primary Target: Titan	Scheming/1	Master Fighter	Desensitized	Large	-	-	-	-	-	BANE	Bane	Bane				
Bane - Arkham Origins - 93 - 0	0	Unknown	Bane (AO)	Leader	Bane		Bane							93	0	7	3+	3	5	3	8	3	Reinforced Gloves	-	-	-	-	Large	Lethal Blow (1SC)	2 Venom Dose	Master Fighter	Scheming/2	Sturdy	-	-	-	-	-	-	BANE CREW	Bane	Bane				
Bane - DKR Movie - 96 - 0	0	Unknown	Bane (DKR Movie)	Leader(Bane)/Sidekick(LoS)	Bane / LoS		Bane							96	0	7	3+	2	5	4	8	3	Reinforced Gloves	-	-	-	-	Combo: Unarmed	Kill them!	Brutal	Strategist	Desensitized	Runaway	True Love: Talia	-	-	-	-	-	BANE THE DARK KNIGHT RISES	Bane	League of Shadows				
Batman - Batfleck - 125 - 0	0	Bruce Wayne	Batman (Batfleck)	Leader	Batman		Bruce Wayne							125	0	8	3+	2	5	4	8	3	Batlings	Reinforced Gloves	-	-	-	Batarmor MK 1	Batcape (1SC/P)	Batclaw (1SC+1MC)	Close Combat Master	Detective	Martial Artist	Sustained Defense	-	-	-	-	-	Suicide Squad-Set (Promo)	Bruce Wayne	Batman				
Batgirl - Comic - 59 - 0	0	Barbara Gordon	Batgirl (Comic)	Sidekick	Batman / LAW Forces		Barbara Gordon		Lobo					59	0	6	4+	3	3	4	6	3	Batlings	-	-	-	-	Batclaw (1SC+1MC)	Batcape (1SC/P)	Combo: Unarmed	Informer	Stealth	Sneak Attack (1SC)	Martial Artist	-	-	-	-	-	BATGIRL		Batman				
Batgirl - TAS - 47 - 0	0	Barbara Gordon	Batgirl (TAS)	Free Agent	Batman	James W. Gordon	Barbara Gordon		Lobo					47	0	5	5+	3	3	4	4	3	Batlings	-	-	-	-	Batcape (1SC/P)	Batclaw (1SC+1MC)	Combo: Unarmed	Distract (1SC)	Survivor	-	-	-	-	-	-	-	ANIMATED SERIES: BATGIRL		Batman				
Batman - Adam West - 75 - 0	0	Bruce Wayne	Batman Adam West	Leader	Batman		Bruce Wayne							75	0	6	4+	2	4	4	7	3	Batlings	Shark Repellant Bat-Spray	Reinforced Gloves	-	-	Millionaire	Batclaw (1SC+1MC)	Arrest (1MC+1SC)	Ka-Pow!!!!! (1SC)	Detective	Veteran	-	-	-	-	-	-	BATMAN (ADAM WEST)	Bruce Wayne	Batman				
Batman - Arkham City - 130 - 0	0	Bruce Wayne	Batman AC	Leader	Batman		Bruce Wayne							130	0	8	3+	3	5	5	8	3	Batarang	Reinforced Gloves	-	-	-	Batcape (1SC/P)	Explosive Gel	Batclaw (1SC+1MC)	Bat-Armour Mk1	Total Vision	Detective	Counter Attack	Martial Expert	Sneak Attack (1SC)	-	-	-	BATMAN ARKHAM CITY	Bruce Wayne	Batman				
Batman - Arkham Knight - 150 - 0	0	Bruce Wayne	Batman Arkham Knight	Leader	Batman		Bruce Wayne							150	0	8	3+	2	5	5	8	3	Batarang	Reinforced Gloves	-	-	-	Batcape (1SC/P)	Batclaw (1SC+1MC)	Night Vision	Teamwork/1 (All)	Batarmour Mk III	Disruptor (2SC)	Detective	Explosive Gel	Master Fighter	Sneak Attack (1SC)	Martial Expert	-	BATMAN ARKHAM KNIGHT	Bruce Wayne	Batman				
Batman - Arkham Origins - 144 - 0	0	Bruce Wayne	Batman (AO)	Leader	Batman		Bruce Wayne							144	0	8	3+	3	5	5	9	3	Remote Claw	Batarang	Shock Gloves	-	-	Batcape (1SC/P)	Batclaw (1SC+1MC)	Bat Armour Mk1	Total Vision	Explosive Gel	Counter Attack	Sneak Attack (1SC)	Detective	-	-	-	-	BATMAN ARKHAM ORIGINS	Bruce Wayne	Batman				
Batman - Modern Age - 100 - 0	0	Bruce Wayne	Batman (Modern Age)	Leader	Batman		Bruce Wayne							100	0	7	3+	3	5	5	8	3	Batlings	Reinforced Gloves	-	-	-	Acrobat	Batcape (1SC/P)	Batclaw (1SC+1MC)	Detective	Martial Artist	Sneak Attack (1SC)	Stealth	The Dynamic Duo	Assistance				BATMAN & ROBIN (THE DYNAMIC DUO)	Bruce Wayne					
Batman - DKR - 120 - 0	0	Bruce Wayne	Batman (DKR Movie)	Leader	Batman		Bruce Wayne							120	0	8	3+	4	4	5	8	3	Batlings	Reinforced Gloves	-	-	-	Batcape (1SC/P)	Batclaw (1SC+1MC)	Arrest (1MC+1SC)	Bat Armour Mk 2	Detective	Stealth	Combo: Unarmed	Sneak Attack (1SC)	Arrest (1MC+1SC)	-	-	-	BATMAN THE DARK KNIGHT RISES	Bruce Wayne	Batman				
Batman - TAS - 80 - 0	0	Bruce Wayne	Batman (TAS)	Leader	Batman		Bruce Wayne							80	0	7	3+	3	4	4	7	3	Batlings	Reinforced Gloves	-	-	-	Acrobat	Batcape (1SC/P)	Batclaw (1SC+1MC)	Detective	Martial Artist	-	-	-	-	-	-	-	ANIMATED SERIES: BATMAN	Bruce Wayne	Batman				
Batman - TDKR - 109 - 0	0	Bruce Wayne	Batman (TDKR)	Leader	Batman		Bruce Wayne							109	0	8	3+	2	4	4	9	3	Batlings	Reinforced Gloves	-	-	-	Batcape (1SC/P)	Batclaw (1SC+1MC)	Bat Armour Mk1	Night Vision	Sneak Attack (1SC)	Combo: Unarmed	Detective	Obstinate	Veteran	-	-	-	BATMAN (FRANK MILLER)	Bruce Wayne	Batman				
Batman Batpod - DKR - 150 - 0	0	Bruce Wayne	Batman Batpod (DKR)	Leader	Batman		Bruce Wayne							150	0	8	3+	5	4	4	8	3	Stun Cannon	Custom Missile	Reinforced Gloves	-	-	Bat Armour Mk2	Batpod	Fast	Detective	ECM	-	-	-	-	-	-	-	BATMAN ON BAT-POD	Bruce Wayne	Batman				
Batmobile - Arkham Knight - 150 - 1500	1	None	Batmobile (AK)	Vehicle/Legend	Batman		Batmobile AK							150	1500	6	3+	3	4	3	12	3	Minigun	Riot Gun 2	Missile Barrage	60mm Cannon	-	Combat Mode (3MC)	Heavy Armour	Remote Driving	Non-Lethal Ammo	Shock Armour (1SC)	Lantern (1SC)	Large	-	-	-	-	-	BATMOBILE (ARKHAM KNIGHT)		Batman				
Batwoman - 95 - 0	0	Kathy Kane	Batwoman	Sidekick	Batman / LAW Forces		Kathy Kane		Lobo					95	0	7	4+	3	4	4	7	3	Batarang	Shock Gloves	-	-	-	Bat Armour Mk 1	Batclaw (1SC+1MC)	Night Vision	Criminology	Detective	Searcher	Stealth	Technique (1SC)	-	-	-	-	BATWOMAN	Kathy Kane	Batman	LAW Forces	Law Forces		
																																														
Benjamin Orchard - 40 - 0	0	Benjamin Orchard	Benjamin Orchard	Leader	The Court of Owls		Benjamin Orchard							40	0	6	5+	2	2	3	6	3	Katana	-	-	-	-	Joy for the Victory	Court of Owls Crew	Order (1SC)	Persuasive (1SC+1AC)	Scheming/1	Veteran	Weapon Master	-	-	-	-	-	THE COURT OWLS		The Court of Owls				
																																														
Bird - EB - 60 - 100	0	Angel Vallelunga	Bird	Sidekick	Bane		Bird				Soldier of Fortune			60	100	6	4+	3	3	3	7	3	Combat Machete	Smoke Grenades 1	-	-	-	Bulletproof Vest	Climbing Rope (Bat Cape)	Self-Discipline	Veteran	Weapon Master: Combat Machete	One of the Boys	Military Tradition (2SC)	-	-	-	-	-		Bane					
Black Alice	0																							-	-	-	-	-																		
Black Canary - Comic - 69 - 0	0	Dinah Drake Lance	Black Canary (Comic)	Free Agent	Green Arrow / Batman 		Dinah Drake Lance		Lobo					69	0	6	4+	3	4	4	6	3	Unarmed	-	-	-	-	Canary Cry (2SC)	Acrobat	Martial Artist	Hidden	Technique (1SC)	-	-	-	-	-	-	-	BLACK CANARY		Green Arrow				
Black Canary - TAS - 50 - 0	0	Dinah Drake Lance	Black Canary (TAS)	Free Agent	Green Arrow		Dinah Drake Lance		Lobo					50	0	5	5+	4	3	4	5	3	Unarmed	-	-	-	-	Canary Cry (2SC)	Acrobat	Teamwork 2: Green Arrow	Undercover,	Martial Artist	-	-	-	-	-	-	-	BLACK CANARY (ANIMATED SERIES)		Green Arrow				
Black Manta - 120 - 350	0	David	Black Manta	Free Agent	Unknown		David	Batman / LAW Forces / Green Arrow / Organised Crime						120	350	8	4+	3	4	4	8	4	Dual Blade	Death Ray	-	-	-	Tracking (2SC)	Night vision	Stealth	Weapon Master	Amphibious	Bulletproof Vest	Scientific	Strategist	-	-	-	-	BLACK MANTA		Unknown				
Black Mask - EB - 79 - 0	0	Roman Sionis	Black Mask	Leader	Black Mask		Roman Sionis				Gangster			79	0	7	4+	2	4	4	8	3	Personal Gun	Explosive Grenade	-	-	-	No Mercy!	Mob	Brutal	Criminal	Order (1SC)	Strategist	-	-	-	-	-	-	BLACK MASK'S CREW		Black Mask		Black Mask	Two-Face	
Black Spider	0																							-	-	-	-																			
Blue Penguin - 13 - 0 - Shield	0	Unknown	Blue Penguin	Minion	Penguin		Blue Penguin					Minion		13	0	4	5+	2	2	2	4	3	Shield	-	-	-	-	Mobster	-	-	-	-	-	-	-	-	-	-	-	PENGUIN'S CREW		Penguin				
Blue Penguin 1 - 13 - 0	0	Unknown	Blue Penguin 1	Minion	Penguin		Blue Penguin 1					Minion		13	0	4	5+	2	2	2	4	3	Machete	-	-	-	-	Mobster	-	-	-	-	-	-	-	-	-	-	-	PENGUIN'S THUGS SET I		Penguin				
Blue Penguin 2 - 15 - 300	0	Unknown	Blue Penguin 2	Minion	Penguin		Blue Penguin 2					Minion		15	300	4	5+	2	2	2	4	3	Automatic Gun Light	-	-	-	-	Mobster	-	-	-	-	-	-	-	-	-	-	-	PENGUIN'S THUGS SET I		Penguin				
Blue Penguin 3 - 17 - 0 - Axe	0	Unknown	Blue Penguin 3	Minion	Penguin		Blue Penguin 3					Minion		17	0	4	5+	2	2	2	4	3	Axe	-	-	-	-	Mobster	-	-	-	-	-	-	-	-	-	-	-	PENGUIN'S THUGS SET III		Penguin				
Bob - 16 - 150	0	Unknown	Bob	Henchman	Two-Face		Bob							16	150	4	5+	2	3	2	5	3	Gun	-	-	-	-	Criminal	-	-	-	-	-	-	-	-	-	-	-	TWO-FACE'S GANG SET II		Two-Face		Black Mask		
Bobbie - 25 - 100	0	None	Bobbie	Henchman	Joker & Harley		Bobbie							25	100	4	4+	2	2	2	3	3	Laughing Gas Weapon	-	-	-	-	Bot	Fly (1SC+1MC)	Funny Bomb (1AC+1SC)	Save Hands	-	-	-	-	-	-	-	-	JOKER & ROBOTIC DOLLS		Joker				
Bobbie MkII - 30 - 100	0	None	Bobbie MkII	Henchman	Joker & Harley		Bobbie MkII							30	100	4	4+	2	2	2	4	3	Laughing Gas Weapon MKII	-	-	-	-	Bot	Fly (1SC+1MC)	Funny Bomb (1AC+1SC)	Save Hands	-	-	-	-	-	-	-	-	JOKER & ROBOTIC DOLLS		Joker				
Borgon - 42 - 0	0	Unknown	Borgon	Henchman	Joker & Harley		Borgon							42	0	5	4+	2	4	3	7	3	Hammer	-	-	-	-	Brutal	Sturdy	Demential Laughter (Distract (1SC))	Criminal	-	-	-	-	-	-	-	-	JOKER'S CLOWNS		Joker				
Boris - E - 33 - 200	0	Unknown	Boris	Henchman	Two-Face / Organized Crime / Black Mask		Boris			Gangster				33	200	5	4+	3	4	3	7	3	Gun BB	Brass Knuckles	-	-	-	Criminal	Persuasive (1SC+1AC)	Street Guy	#N/A	-	-	-	-	-	-	-	-	BLACK MASK'S CREW		Black Mask		Two-Face		
Borj - E - Tournament Card - 50 - 150	0	Borj	Borj	Henchman	Poison Ivy		Borj			Plants				50	150	6	4+	0	4	4	6	3	Poisoned Thorns	Rain of Spores	-	-	-	Plant Special Traits	Control Pheremones (3SC)	Poison Master	-	-	-	-	-	-	-	-	-	Tournament Card (Creeper Plant)		Poison Ivy				
Bot Mk 1 - 17 - 0	0	Bot Mk 1	Bot Mk 1	Minion	Riddler		Bot Mk 1					Minion		17	0	4	4+	2	2	2	4	3	Unarmed	-	-	-	-	Bot	Can you Solve this 4+ (1SC)	-	-	-	-	-	-	-	-	-	-	THE RIDDLER AND BOT ARMY		Riddler				
Bot Mk 2 - 19 - 0	0	Bot Mk 2	Bot Mk 2	Minion	Riddler		Bot Mk 2					Minion		19	0	4	4+	2	2	2	3	3	Unarmed	-	-	-	-	Bot	Can you Solve this 3+ (1SC)	-	-	-	-	-	-	-	-	-	-	THE RIDDLERS BOT ARMY SET 1		Riddler				
Bot Mk 3 - 20 - 0	0	Bot Mk 3	Bot Mk 3	Minion	Riddler		Bot Mk 3					Minion		20	0	4	4+	2	2	2	6	3	Unarmed	-	-	-	-	Bot	Can you Solve this 5+ (1SC)	-	-	-	-	-	-	-	-	-	-	THE RIDDLERS BOT ARMY SET 1		Riddler				
Bravo - E - 27 - 300	0	Classified	Bravo	Henchman	Batman / Green Arrow / LAW Forces		Bravo			S.W.A.T.			Corrupt	27	300	5	5+	3	3	3	6	3	Shotgun	-	-	-	-	Veteran	Bulletproof Vest	-	-	-	-	-	-	-	-	-	-	COMMISSIONER GORDON & SWAT TEAM		Batman	Green Arrow	Law Forces		
Bronze Tiger	0																							-	-	-	-																			
Bunker	0																							-	-	-	-	-																		
																																														
Calendar Man - 55 - 0	0	Julian Gregory Day	Calendar Man	Free Agent	Unknown		Julian Gregory Day	Batman / Green Arrow / LAW Forces / OC						55	0	6	4	1	3	3	7	3	Shiv	-	-	-	-	Adaptable	Assassin 5	Deadly Strike (1SC)	Handyman	Self-Discipline	Mastermind	Psycho	Undercover	Undead										
Captain Boomerang - 82 - 350	0	George „Digger“ Harkness	Captain Boomerang	Free Agent	Unknown		George Harkness	Batman / LAW Forces / Green Arrow						82	350	6	4+	3	3	4	6	3	Melee Boomerang B	Gravity Boomerang	Bladed Boomerang	Electric Boomerang	Acid Boomerang	Master Marksman	Tracking (2SC)	Shooter	Ricochet (1SC)	Dodge (1MC/P)	Follow Me!!!	-	-	-	-	-	-	CAPTAIN BOOMERANG		Unknown				
Captain Boomerang - SSqS - 48 - 200	0	George „Digger“ Harkness	Captain Boomerang (SSqS)	Free Agent	Unknown		George Harkness	Batman / Green Arrow / LAW Forces						48	200	6	4+	2	3	3	5	3	Melee Boomerang BS	LE Boomerang	Bladed Boomerang	-	-	Elusive (1MC/P)	Master Marksman	Ricochet (1SC)	Primary Target: Loot	Suicide Squad Member	Greed	Monitoring Device (1SC)	-	-	-	-	-	SSqS		Unknown				
Captain Cold - CW - 72 - 400	0	Leonard Snart	Captain Cold (CW)	Free Agent / Sidekick(Mr. Freeze)	Unknown		Captain Cold	Batman / Green Arrow / LAW Forces / Joker / LoS						72	400	6	4+	3	3	4	7	3	The Cold Gun Full Power	The Cold Gun	-	-	-	Strategist	Leadership	Mastermind	Order (1SC)	Ranged Master	Teamwork/1 Heatwave	-	-	-	-	-	-	CAPTAIN COLD		Mr. Freeze				
Carmine Falcone - EB - 85 - 0	0	Carmine Falcone	The Roman	Leader	Organized Crime		Carmine Falcone		Catwoman		Gangster			85	0	8	5+	2	3	3	7	3	Unarmed	-	-	-	-	Lord of Business	Invaluable	Plead	Revenge	Runaway	Bluff	Demotivate	Grand Strategist	The Untouchable	-	-	-							
Catman - 100 - 100	0	Thomas Reese Blake	Catman	Free Agent	Unknown		Thomas Reese Blake	LAW Forces / Joker / Lexcorp						100	100	7	4+	3	5	5	8	3	Catarangs	Claws	-	-	-	Climbing Claws (1SC)	Order (1SC)	Tracking (2SC)	Superior Smell (1SC)	Jump-Up (1MC/P)	Cowards Reward (1SC)	Masterfighter	-	-	-	-	-	CATMAN		Unknown				
Catwoman - Arkham City - 66 - 0	0	Selina Kyle	Catwoman (AC)	Free Agent	Unknown		Selina Kyle	LAW Forces / Joker	Lobo					66	0	6	5+	4	3	5	5	3	Whip	Retractable Claws	-	-	-	Primary Target: Loot	Acrobat	Total Vision	Climbing Claws (1SC)	Sneak Attack (1SC)	Thief (1SC)	-	-	-	-	-	-	CATWOMAN		Unknown				
Catwoman - Modern Age - 69 - 0	0	Selina Kyle	Catwoman (Modern Age)	Free Agent	Unknown		Selina Kyle	LAW Forces / Joker	Lobo					69	0	6	5+	4	4	5	6	3	Whip	Retractable Claws	-	-	-	Acrobat	Bluff (1SC)	Coward‘s Reward (1SC)	Sneaking	Thief (1SC)	Backpack	-	-	-	-	-	-	CATWOMAN MODERN AGE (MULTIVERSE)						
Catwoman - TAS - 50 - 0	0	Selina Kyle	Catwoman (TAS)	Free Agent	Unknown		Selina Kyle	LAW Forces / Joker	Lobo					50	0	5	5+	4	3	5	4	3	Whip	-	-	-	-	Acrobat	Climbing Shoes	Agile	Pickpocket (1MC)	-	-	-	-	-	-	-	-	ANIMATED SERIES: CATWOMAN		Unknown				
Cheshire	0																							-	-	-	-	-																		
Clayface - 116 - 0	0	Unknown	Clayface	Free Agent	Unknown		Clayface	Batman / LAW Forces / Green Arrow / Bane / 						116	0	7	3+	3	4	3	9	3	Metamorphic Weapon	-	-	-	-	Claybody	Regeneration (1SC)	Large	Sturdy	Adaptable	Undercover	-	-	-	-	-	-	CLAYFACE		Unknown				
Clover - 30 - 300	0	Sullivan	Clover	Henchman	Bane		Clover							30	300	5	5+	3	3	3	5	3	Automatic Gun Light	-	-	-	-	Bulletproof Vest	Rapid Fire (1SC)	Veteran	-	-	-	-	-	-	-	-	-		Bane					
Clown - 14 - 0 - Tube	0	Unknown	Clown	Minion	Joker & Harley		Clown					Minion		14	0	4	5+	2	3	2	4	3	Tube	-	-	-	-	Demential Laughter (Distract (1SC))	-	-	-	-	-	-	-	-	-	-	-	JOKER'S CLOWNS SET III		Joker				
Clown - 15 - 0 - Knife	0	Unknown	Clown	Minion	Joker & Harley		Clown					Minion		15	0	4	5+	2	3	2	4	3	Knife	-	-	-	-	Demential Laughter (Distract (1SC))	-	-	-	-	-	-	-	-	-	-	-	JOKER CREW		Joker				
Clown - 16 - 0 - Shield	0	Unknown	Clown	Henchman	Joker & Harley		Clown							16	0	4	5+	2	3	2	4	3	Shield	-	-	-	-	Demential Laughter (Distract (1SC))	-	-	-	-	-	-	-	-	-	-	-	JOKER'S CLOWNS SET II		Joker				
The Comedian - 75 - 0	0	Edward Blake	Comedian	Watchmen	Watchmen		Edward Blake							75	0	7	4+	2	4	3	9	3	Riot Gun SSqS	Cal.50 Gun	Reinforced Gloves	-	-	Demential Laughter (Distract (1SC))	Shooter	Dirty Fighting	Psycho	Hardened	Veteran	Watchmen	-	-	-	-	-	THE COMEDIAN		Watchmen				
Gordon - EB - 70 - 200	0	James W. Gordon	Gordon	Leader (LAW) / Sidekick (Batman)	Batman /  LAW Forces 		James W. Gordon				S.W.A.T.			70	200	6	5+	2	3	3	6	3	Automatic Gun Light	-	-	-	-	Kevlar Vest	Air Support (3SC)	Arrest (1MC+1SC)	Detective	Veteran	Take Over!!!	-	-	-	-	-	-	COMMISSIONER GORDON & SWAT TEAM	James Gordon	Batman				
Commissioner Loeb - EB - 70 - 0	0	Gillian B. Loeb	Commissioner Loeb	Leader (LAW) / Sidekick (Black Mask, OC, Two-Face)	LAW Forces / Organized Crime		Gillian B. Loeb				S.W.A.T.			70	0	7	6+	1	3	3	7	3	Handgun	-	-	-	-	Public Resources	Commissioner (1MC)	Corrupt	Discourage (1SC)	Kill Them	Mob	Persuasive (1SC+1AC)	Veteran	-	-	-	-	COMMISSIONER LOEB & GOTHAM POLICE	Gillian B. Loeb	Law Forces	Organised Crime			
Conqueror Penguin - E - 35 - 200	0	Unknown	Conqueror Penguin	Henchman	Penguin		Conqueror Penguin			Penguin				35	200	5	4+	2	3	4	5	3	Chain	Frag Grenade	-	-	-	Power Strike (1SC): Chain	Football Gear	Veteran	-	-	-	-	-	-	-	-	-	PENGUIN'S THUGS SET III		Penguin				
Contra-Auguste - 21 - 0	0	Unknown	Contre-Auguste	Henchman	Joker & Harley		Contre-Auguste							21	0	5	5+	2	3	3	5	3	Baseball Bat	-	-	-	-	Obsessive (MD)	Hardened	-	-	-	-	-	-	-	-	-	-	JOKER CREW		Joker				
Copperhead - 62 - 0	0	Unknown	Copperhead	Free Agent	Unknown		Copperhead	Batman / LAW Forces / Green Arrow						62	0	6	4+	3	4	4	5	3	Poisoned Claws	-	-	-	-	Acrobat	Climbing Shoes	Stealth	Technique (1SC)	Undercover	-	-	-	-	-	-	-	COPPERHEAD		Unknown				
Creeper Plant - E - 16 - 0	0	Creeper Plant	Creeper Plant	Minion	Poison Ivy		Creeper Plant			Plants		Minion		16	0	5	4+	0	3	3	5	3	Creeper	-	-	-	-	Plant Special Traits	-	-	-	-	-	-	-	-	-	-	-	POISON IVY & PLANTS SLAVES		Poison Ivy				
Cuchillo - 27 - 0	0	Diaz	Cuchillo	Henchman	Bane		Cuchillo							27	0	5	5+	3	3	3	5	3	Knife	-	-	-	-	Bulletproof Vest	Sneak Attack (1SC)	Stealth	Tireless	Veteran	-	-	-	-	-	-	-		Bane					
Cyborg - 123 - 500	0	Victor Stone	Cyborg	Sidekick	Batman		Victor Stone							123	500	8	3+	3	4	4	9	3	Plasma Cannon	White Sound Disruptor	Reinforced Gloves	-	-	Cybernetic	Fly (1SC+1MC)	Night Vision	Hacking (1SC)	Light Armour	Order (1SC)	Scheming/1	-	-	-	-	-	CYBORG		Batman				
																																														
Dallas - 35 - 600	0	Unknown	Dallas	Henchman	Bane / LoS		Dallas							35	600	5	5+	3	3	3	5	3	Assault Rifle	-	-	-	-	Mercenary	Veteran	Bulletproof Vest	-	-	-	-	-	-	-	-	-	BANE CREW		Bane	League of Shadows			
Daredevil - 110 - 0	0	Matt Murdock	Daredevil	Sidekick	Spiderman		Matt Murdock							110	0	7	4+	3	5	4	9	3	Throwing Baton	Baton	-	-	-	Acrobat	Grapple Gun	Martial Artist	Reflexes	Weapon Master	Blind Sense	The Man with: out Fear	The Man with: out Fear	True Love: Elektra	-	-	-	DAREDEVIL 35		Spiderman				
Deadshot - Arkham Origins - 76 - 300	0	Floyd Lawton	Deadshot (AO)	Free Agent	Unknown		Floyd Lawton	Batman / LAW Forces / Green Arrow						76	300	6	4+	3	4	3	6	3	9mm Twin Cannons 4	-	-	-	-	Expert Marksman (1SC)	Rapid Fire (1SC)	Night Vision	Dodge (1MC/P)	Shooter	-	-	-	-	-	-	-	DEADSHOT		Unknown				
Deadshot - Comic - 90 - 600	0	Floyd Lawton	Deadshot (Comic)	Free Agent	Unknown		Floyd Lawton	Batman / LAW Forces / Green Arrow / Joker						90	600	7	5+	3	3	3	7	3	Barret	9mm Twin Cannons 2	-	-	-	Dodge (1MC/P)	Obsessive	Ranged Master	Outlaw Commander (1SC)	Assassin/3	-	-	-	-	-	-	-	DEADSHOT CLASSIC COSTUME		Unknown				
Deadshot - SSqS - 96 - 400	0	Floyd Lawton	Deadshot (SSqS)	Free Agent	Unknown		Floyd Lawton	Batman / Green Arrow / LAW Forces						96	400	8	4+	3	4	4	8	3	9mm Twin Cannons 2	MG Scope	Guns	-	-	Kevlar Vest	Leadership	Ranged Master	Shooter	Suicide Squad Member	Bullet Time (2SC)	-	-	-	-	-	-	SSqS		Unknown				
Deathstroke - Comic - 122 - 0	0	Slade Wilson	Deathstroke (Comic)	Free Agent	Unknown		Slade Wilson	Batman / LAW Forces / Green Arrow						122	0	7	3+	3	5	4	8	3	SMG 2	Sword	-	-	-	Sturdy	Master Marksman	Undercover	Precise Blow (1SC)	Stealth	Resilient	Martial Artist	-	-	-	-	-	DEATHSTROKE BMG		Unknown				
Deathstroke - Arkham Origins - 145 - 250	0	Slade Wilson	Deathstroke (AO)	Free Agent / Sidekick(Scarecrow)	Unknown		Slade Wilson	Batman / LAW Forces / Green Arrow						145	250	7	3+	3	5	5	8	3	Automatic Gun Light	Reinforced Bo	Sword	-	-	Soul Armour (3SC)	Acrobat	Undercover	Stealth	Combo: Reinforced Bo	Martial Artist	Counter Attack	-	-	-	-	-	DEATHSTROKE ARKHAM ORIGINS		Unknown				
Ded - 20 - 350	0	Unknown	Ded	Henchman	Two-Face		Ded							20	350	4	5+	2	3	2	5	3	Carbine	-	-	-	-	Gas Mask	Assault 3	Criminal	-	-	-	-	-	-	-	-	-	SPICE AND TWO-FACE THUGS		Two-Face		Black Mask		
Delta - E - 33 - 300	0	Classified	Delta	Henchman	Batman / Green Arrow / LAW Forces		Delta			S.W.A.T.			Corrupt	33	300	5	5+	3	3	3	5	3	Shield	Automatic Gun	-	-	-	Lantern (1SC)	Undercover	Bulletproof Vest	-	-	-	-	-	-	-	-	-	COMMISSIONER GORDON & SWAT TEAM		Batman	Green Arrow	Law Forces		
Diablo - SSqS - 50 - 200	0	Chato Santana	Diablo (SSqS)	Free Agent	Unknown		Chato Santana	Batman / Green Arrow / LAW Forces						50	200	6	4+	2	3	3	6	3	Flaming Hands	Flaming Tatoos	-	-	-	Criminal	Dirty Fighter	Flaming Wave	Lantern (1SC)	Suicide Squad Member	Magic Tatoos	Self-Discipline	Supernatural	Regrets	-	-	-	SSqS		Unknown				
Dirty Tom - E - 32 - 350	0	Unknown	Dirty Tom	Henchman	Two-Face / Organized Crime / Black Mask / 		Dirty Tom			Gangster				32	350	5	5+	3	4	3	6	3	Thompson	-	-	-	-	Resilient	Criminal	Runaway	#N/A	-	-	-	-	-	-	-	-	MOBSTERS SET I		Two-Face	Organised Crime			
Dollotron 1 - 0 - 0	0	Unknown	Dollotron 1	Minion			Dollotron 1					Minion		0	0	4	4+	2	2	1	6	3	Unarmed	-	-	-	-	Desensitized	Stupid	Self-Discipline	Make them perfect	Creations of Perfection	-	-	-	-	-	-	-							
Dove	0																							-	-	-	-	-	-																	
Echo - E - 26 - 0	0	Unknown	Echo	Henchman	Batman / Green Arrow / LAW Forces		Echo			S.W.A.T.			Corrupt	26	0	5	5+	3	3	3	6	3	Battering Ram	-	-	-	-	Bulletproof Vest	Brutal	Veteran	Lethal Blow (1SC)	-	-	-	-	-	-	-	-	Loeb pack		Batman	Green Arrow			
Electrocutioner - 40 - 0	0	Lester Buchinsky	Electrocutioner	Free Agent	Unknown		Electrocutioner							40	0	5	4+	2	4	3	5	3	Shock Gloves Stun	-	-	-	-	Criminal	Charismatic	EMP	Taunt (1SC)	Electric Storm (3SC+1AC)	-	-	-	-	-	-	-			ELECTROCUTIONER				
Emperor Penguin - 111 - 0	0	Ignatius Ogilvy	Emperor Penguin	Leader	Penguin		Ignatius Ogilvy							111	0	7	3+	4	4	9		3	Chain	Reinforced Gloves	-	-	-	Dirty Money	Fast	Master Fighter	Regeneration (1SC)	Scheming/1	Tough Skin	-	-	-	-	-	-							
Enchantress	0																							-	-	-	-																			
EO474 - 24 - 0 - Katar	0	Mezz	EO474	Henchman	Unknown		Mezz	Batman / LAW Forces / Green Arrow						24	0	4	5+	2	3	2	5	3	Katar	-	-	-	-	Climbing Claws (1SC)	Obsessive (MD)	Brutal	-	-	-	-	-	-	-	-	-	ARKHAM ASYLUM IMMATES		Unknown				
EO475 - 18 - 0 - Big Spike	0	Irwin	EO475	Henchman	Unknown		Irwin	Batman / LAW Forces / Green Arrow						18	0	4	5+	2	3	2	5	3	Big Spike	-	-	-	-	Paranoid (MD)	Runaway	-	-	-	-	-	-	-	-	-	-	HUGO STRANGE AND IMMATES		Unknown				
EO476 - 34 - 0 - Improvised Maul	0	Milo	EO476	Henchman	Unknown		Milo	Batman / LAW Forces / Green Arrow						34	0	5	5+	2	3	3	5	3	Improvised Maul	-	-	-	-	Devastating Blow (1SC)	Bipolar (MD)	Hardened	-	-	-	-	-	-	-	-	-	HUGO STRANGE AND IMMATES		Unknown				
EO477 - 26 - 100 - Meat Knives	0	Meatman	EO 477	Henchman	Unknown		Meatman	Batman / LAW Forces / Green Arrow						26	100	4	5+	2	3	2	5	3	Throwing Meat Knives	Meat Knife	-	-	-	Shooter	Bloodthirsty (MD)	Mobster	-	-	-	-	-	-	-	-	-	ARKHAM ASYLUM IMMATES		Unknown				
EO478 - 15 - 0 - Knife	0	Benton	EO478	Henchman	Unknown		Benton	Batman / LAW Forces / Green Arrow						15	0	4	5+	2	3	2	5	3	Knife	Knife	-	-	-	Bloodthirsty (MD)	Stealth	-	-	-	-	-	-	-	-	-	-	HUGO STRANGE AND IMMATES		Unknown				
																																														
File No 08923 - 20 - 0	0	Unknown	File No 08923	Henchman	Unknown		File No 08923	Batman / LAW Forces / Green Arrow						20	0	4	4+	2	3	2	6	3	Claws	-	-	-	-	Delirium	Aggressive Schizophrenia (MD)	-	-	-	-	-	-	-	-	-	-	VICTOR ZSASZ & ARKHAM LUNATICS		Unknown				
Firefly - 72 - 450	0	Garfield Lynns	Firefly	Free Agent	Unknown		Garfield Lynns	Batman / LAW Forces / Green Arrow						72	450	6	5+	2	3	3	6	3	Flamethrower 2	Frag Grenade	-	-	-	Fly (1SC+1MC)	Hover (1MC)	Pyromania (MD)	Batcape (1SC/P)	Handyman	Kevlar Vest	-	-	-	-	-	-	FIREFLY		Unknown				
Flash - Comic - 125 - 0	0	Barry Allen	Flash (Comic)	Sidekick	Batman		Barry Allen							125	0	8	4+	5	3	5	7	4	Unarmed	-	-	-	-	Speedster 6	Speed Force Master	Fast	Dodge (1MC/P)	Detective	Scientific	Moral Compass	-	-	-	-	-	FLASH NEW 52		Batman				
Flash - CW - 100 - 0	0	Barry Allen	Flash (CW)	Sidekick	Green Arrow		Barry Allen							100	0	7	4+	4	3	5	6	4	Speed Force Bolts	-	-	-	-	Speed Force Master	Speedster/5	Fast	Dodge (1MC/P)	Detective	Scientific	Moral Compass	-	-	-	-	-	FLASH TV SHOW		Green Arrow				
GCPD Detective - 25 - 200	0	Classified	GCPD Detective	Minion	Batman / LAW Forces		GCPD Detective					Minion	Corrupt	25	200	4	5+	3	3	3	5	3	Handgun	-	-	-	-	Hidden	Arrest (1MC+1SC)	Detective	-	-	-	-	-	-	-	-	-	Loeb pack		Batman	LAW Forces	Law Forces		
Goat Head Priest - E - 35 - 400	0	Unknown	Goat Head Priest	Henchman	Joker & Harley		Goat Head Priest			Cosplayers				35	400	5	5+	2	3	2	5	3	LMG	-	-	-	-	Dirty Fighter	Anger Management (MD)		-	-	-	-	-	-	-	-	-	SSqS						
Goblin Knight - 140 - 200	0	Phil Urich	Goblin Knight	Sidekick	Goblin Kult		Phil Urich							140	200	7	3+	3	5	4	8	3	Fire Sword	Pumpkin Bomb	-	-	-	Bipolar	Fly (1SC+1MC)	Goblin Serum	Lunatic Laugh (2SC)	Runaway	Weapon Master	-	-	-	-	-	-	GOBLIN KULT STARTER SET		Goblin Kult				
Goblin Minion 1 - 20 - 200	0	Unknown	Goblin Minion 1	Henchman	Goblin Kult		Goblin Minion 1							20	200	4	5+		3	2	3	3	Pumpkin Bomb	-	-	-	-	Fly (1SC+1MC)	Small	-	-	-	-	-	-	-	-	-	-	GOBLIN KULT STARTER SET		Goblin Kult				
Goblin Minion 2 - 20 - 0	0	Unknown	Goblin Minion 2	Henchman	Goblin Kult		Goblin Minion 2							20	0	4	5+	3	3	2	3	3	Machete	-	-	-	-	Fly (1SC+1MC)	Small	Distract (1SC)	-	-	-	-	-	-	-	-	-	GOBLIN KULT STARTER SET		Goblin Kult				
Goblin Minion 3 - 20 - 200	0	Unknown	Goblin Minion 3	Henchman	Goblin Kult		Goblin Minion 3							20	200	4	5+	3	3	2	3	3	Mace	-	-	-	-	Fly (1SC+1MC)	Small	-	-	-	-	-	-	-	-	-	-	GOBLIN KULT STARTER SET		Goblin Kult				
Goon - 16 - 0	0	Unknown	Goon	Minion	Black Mask		Goon					Minion		16	0	4	4+	2	3	2	4	3	Brass Knuckles	-	-	-	-	Brutal	-	-	-	-	-	-	-	-	-	-	-	BLACK MASK'S CREW		Black Mask				
Goon 2 - 15 - 0	0	Unknown	Goon 2	Minion	Black Mask		Goon 2					Minion		15	0	4	4+	2	3	2	4	3	Brass Knuckles	-	-	-	-	Brutal	-	-	-	-	-	-	-	-	-	-	-	BLACK MASK'S THUGS SET 1		Black Mask				
Gorilla Grodd	0																							-	-	-	-																			
Gotham Butcher - 81 - 0	0	Felix Harmon	Gotham Butcher	Free Agent	The Court of Owls		Felix Harmon							81	0	7	3+	3	4	3	8	3	Claws	-	-	-	-	Weakness: Cold	Reanimated Owl	Large	Fast	Tough Skin	Brutal	-	-	-	-	-	-	GOTHAM BUTCHER		The Court of Owls				
Gotham Policeman - 16 - 0	0	Gotham Policeman	Gotham Policeman	Minion	Batman / Green Arrow / LAW Forces		Gotham Policeman					Minion	Corrupt	16	0	4	5+	2	3	3	4	3	Baton Heavy	-	-	-	-	Arrest (1MC+1SC)	Lantern (1SC)	-	-	-	-	-	-	-	-	-	-	GOTHAM POLICE SET I		Batman	Green Arrow	Law Forces		
Gotham Policewoman - 14 - 0	0	Unknown	Gotham Policewoman	Minion	Batman / Green Arrow / LAW Forces		Gotham Policewoman					Minion	Corrupt	14	0	4	5+	2	3	3	4	3	Tonfa	-	-	-	-	Arrest (1MC+1SC)	-	-	-	-	-	-	-	-	-	-	-	GOTHAM POLICE SET II		Batman	Green Arrow			
Green Arrow - Comic - 117 - 300	0	Oliver Queen	Green Arrow (Comic)	Sidekick	Batman / Green Arrow		Oliver Queen							117	300	7	4+	4	4	4	7	3	Bow Standard Arrow 3	Bow Special Arrow	-	-	-	Rapid Fire (1SC)	Master Marksman	Acrobat	Good Aim	Hook Arrow (1SC+1MC / Batclaw)	Technique (1SC)	Hardened	Stealth	Adaptable	-	-	-	GREEN ARROW BMG	Oliver Queen	Batman	Green Arrow			
Green Arrow - TAS - 77 - 0	0	Oliver Queen	Green Arrow (TAS)	Leader	Green Arrow		Oliver Queen							77	0	6	4+	3	4	4	7	3	Bow Standard Arrow 3	Bow Punch Arrow	-	-	-	Good Aim	Teamwork 2: Black Canary	Rapid Fire (1SC)	Sharpshooter	Acrobat	-	-	-	-	-	-	-	ANIMATED SERIES: GREEN ARROW	Oliver Queen	Green Arrow				
Green Arrow - TDKR - 75 - 0	0	Oliver Queen	Green Arrow (TDKR)	Leader	Green Arrow	Batman	Oliver Queen							75	0	7	4+	2	4	4	8	3	Bow Standard Arrow BBB	Bow Kryptonite Arrow	-	-	-	Acrobat	Hook Arrow (1SC+1MC / Batclaw)	Desensitized	One-Armed	Ranged Master	-	-	-	-	-	-	-	OLIVER QUEEN (FRANK MILLER)	Oliver Queen	Green Arrow				
Green Goblin - 200 - 0	0	Norman Osborn	Green Goblin	Leader	Goblin Kult		Norman Osborn							200	0	8	2+	3	3	4	10	4	Gas Grenade	Pumpkin Bomb	Goblin Blast	Razor Bats	-	Adaptable	Bipolar	Fly (1SC+1MC)	Goblin Serum	Hover (1MC)	Kevlar Vest	Master Fighter	Master Mind	Persuasive (1SC+1AC)	Scientist	Strategist	Arrogant	GREEN GOBLIN		Goblin Kult				
																																														
Harley Gatling Brute - 49 - 850	0	Unknown	Harley Gatling Brute	Henchman	Joker & Harley		Harley Gatling Brute							49	850	5	4+	2	3	3	7	3	Vulcan M61	-	-	-	-	Invaluable	Hardened	Ferocious	Large	Street Guy	Tireless	-	-	-	-	-	-			Joker				
Harley Quinn - Arkham City - 61 - 0	0	Dr. Harleen Frances Quinzel	Harley Quinn (AC)	Sidekick	Joker & Harley		Dr. Harleen Frances Quinzel		Lobo					61	0	6	5+	4	3	4	6	3	Reinforced Bat	-	-	-	-	Acrobat	Disarray (1SC)	Follow Me!!!	Technique (1SC)	True Love: Joker	-	-	-	-	-	-	-	HARLEY QUINN CLASSIC COSTUME	Dr. Harleen Frances Quinzel	Joker				
Harley Quinn - Arkham Knight - 80 - 0	0	Dr. Harleen Frances Quinzel	Harley Quinn (AK)	Leader	Joker & Harley		Dr. Harleen Frances Quinzel		Lobo					80	0	7	5+	4	4	4	7	3	Reinforced Bat	SMG 2	-	-	-	Bluff (1SC)	Play Nice	Acrobat	Discourage (1SC)	Mobster	Unpredictable	Escape Artist	-	-	-	-	-	HARLEY QUINN (ARKHAM KNIGHT) CREW	Dr. Harleen Frances Quinzel	Joker				
Harley Quinn - Bombshell - 90 - 300	0	Dr. Harleen Frances Quinzel	Harley Quinn (Bombshell)	Sidekick	Joker & Harley		Dr. Harleen Frances Quinzel							90	300	6	5+	4	4	4	7	3	Good Night Bat	Hate/Love Gun	-	-	-	Acrobat	Charismatic	Confusion (2SC)	Combat Flip (1SC)	Goad	The Voices (MD)	Suicide Squad Member	True Love: Joker	-	-	-	-	SSqS (Promo)	Dr. Harleen Frances Quinzel					
Harley Quinn - Comic - 75 - 0	0	Dr. Harleen Frances Quinzel	Harley Quinn (Comic)	Sidekick	Joker & Harley	Poison Ivy	Dr. Harleen Frances Quinzel		Lobo					75	0	6	5+	4	4	4	7	3	Harleys Mallet	-	-	-	-	Acrobat	360° Attack with (1SC+AC): Mallet	Discourage (1SC)	Distract (1SC)	Fast	True Love: Joker	-	-	-	-	-	-		Dr. Harleen Frances Quinzel	Joker				
Harley Quinn - SSqS - 90 - 300	0	Dr. Harleen Frances Quinzel	Harley Quinn (SSqS)	Sidekick	Joker & Harley		Dr. Harleen Frances Quinzel							90	300	6	5+	4	4	4	7	3	Good Night Bat	Hate/Love Gun	-	-	-	Acrobat	Charismatic	Confusion (2SC)	Combat Flip (1SC)	Goad	The Voices (MD)	Suicide Squad Member	True Love: Joker	-	-	-	-	SSqS	Dr. Harleen Frances Quinzel					
Harley Quinn - TAS - 40 - 200	0	Dr. Harleen Frances Quinzel	Harley Quinn (TAS)	Free Agent	Joker & Harley		Dr. Harleen Frances Quinzel		Lobo					40	200	5	6+	4	3	4	4	3	Harley's Little Helper	-	-	-	-	Acrobat	Disarray (1SC)	Distract (1SC)	Follow Me!!!	-	-	-	-	-	-	-	-	ANIMATED SERIES: HARLEY QUINN	Dr. Harleen Frances Quinzel	Joker		Riddler	Scarecrow	
Harley Thug 1 - 30 - 300 - Chainsaw	0	Punker	Harley Thug 1	Henchman	Joker & Harley		Punker							30	300	5	5+	2	3	2	5	3	Chainsaw	-	-	-	-	Goad (1SC)	Street Guy	Hardened	-	-	-	-	-	-	-	-	-	HARLEY QUINN (ARKHAM KNIGHT) CREW		Joker				
Harley Thug 2 - 21 - 200 - Sawed Off	0	Bragg	Harley Thug 2	Henchman	Joker & Harley		Bragg							21	200	4	5+	2	3	2	4	3	Sawed Off Shotgun	-	-	-	-	Street Guy	-	-	-	-	-	-	-	-	-	-	-	HARLEY QUINN (ARKHAM KNIGHT) CREW		Joker				
Harley Thug 3 - 21 - 0 - Jackhammer	0	Worker	Harley Thug 3	Henchman	Joker & Harley		Worker							21	0	4	5+	2	3	2	4	3	Jackhammer	-	-	-	-	Street Guy	-	-	-	-	-	-	-	-	-	-	-	HARLEY QUINN (ARKHAM KNIGHT) CREW		Joker				
Harley Thug 4 - 16 - 0 - Train Wrench	0	Unknown	Harley Thug 4	Minion	Joker & Harley		Harley Thug 4					Minion		16	0	4	5+	2	3	2	4	3	Train Wrench	-	-	-	-	Street Guy	-	-	-	-	-	-	-	-	-	-	-	HARLEY QUINN THUGS SET 1		Joker				
Harley Thug 5 - 22 - 250 - RPG	0	Unknown	Harley Thug 5	Minion	Joker & Harley		Harley Thug 5					Minion		22	250	4	5+	2	3	2	4	3	RPG	-	-	-	-	Street Guy	-	-	-	-	-	-	-	-	-	-	-	HARLEY QUINN THUGS SET 1		Joker				
Harley Thug 6 - 25 - 0 - Bat	0	Chencho	Harley Thug 6	Henchman	Joker & Harley		Chencho							25	0	5	5+	2	3	2	6	3	Baseball Bat	-	-	-	-	Street Guy	Combo: Bat	Adaptable	-	-	-	-	-	-	-	-	-							
Harley Thug 7 - 20 - 0 - Axe	0	Lumberjack	Harley Thug 7	Henchman	Joker & Harley		Lumberjack							20	0	4	5+	2	3	2	4	3	Axe	-	-	-	-	Street Guy	-	-	-	-	-	-	-	-	-	-	-							
Harvey Bullock - Tournament Card - 40 - 200	0	Harvey Bullock	Harvey Bullock	Sidekick	Law Forces		Harvey Bullock							40	200	6	5+	2	3	3	5	3	Gun	-	-	-	-	Arrest (1MC+1SC)	Detective	Informer	Luck (1SC)	Order (1SC)	-	-	-	-	-	-	-	Tournament Card ()		Law Forces				
Hawk	0																							-	-	-	-	-																		
Hawkgirl - 99 - 0	0	Kendra Saunders	Hawkgirl	Free Agent	Batman / Green Arrow 		Kendra Saunders		Lobo					99	0	7	3+	3	3	4	7	3	Nth Metal Mace	-	-	-	-	Fly (1SC+1MC)	Hover (1MC)	Immune Fire	Teamwork 2: Hawkman	Flying High (1MC-3SC)	Weapon Master	Unstoppable (1SC)	Unnatural Flight	-	-	-	-	HAWKGIRL		Batman	Green Arrow			
Hawkman - 109 - 0	0	Carter Hall	Hawkman	Free Agent	Batman / Green Arrow 		Carter Hall							109	0	7	3+	2	4	4	9	3	Nth Metal Mace	-	-	-	-	Fly (1SC+1MC)	Hover (1MC)	Immune Fire	Teamwork 2: Hawkgirl	Flying High (1MC-3SC)	Savage Fighter	Hardened	Power Strike (1SC)	Unnatural Flight	-	-	-	HAWKMAN		Batman	Green Arrow			
Heatwave - CW - 65 - 300	0	Mick Rory	Heat Wave	Free Agent	Unknown		Heatwave	Batman / Green Arrow / LAW Forces / Joker / LoS						65	300	6	4+	2	4	3	8	3	Flamethrower 3	Reinforced Gloves	-	-	-	Criminal	Escape Artist	Runaway	Teamwork 2: Captain cold	Sturdy	-	-	-	-	-	-	-	HEATWAVE		Unknown				
High Court Member - 37 - 0	0	Unknown	High Court Member	Leader	The Court of Owls		High Court Member							37	0	5	6+	1	2	3	7	3	Gun	-	-	-	-	Demoralize (2SC)	Court of Owls Crew	Discourage (1SC)	Distract (1SC)	Scheming/2	-	-	-	-	-	-	-	COURT OF OWLS CREW		The Court of Owls				
High Security Henchman - 48 - 0	0	Classified	High Security Henchman	Henchman	Unknown		High Security	Batman / LAW Forces / Green Arrow						48	0	6	4+	2	4	3	8	3	Knife	-	-	-	-	Combo: Knifes	Devastating Blow (1SC)	Criminal	Psycho	-	-	-	-	-	-	-	-	BLACKGATE PRISONERS SET I		Unknown				
The Holiday Killer - 60 - 350	0	Alberto Falcone	The Holiday Killer	Sidekick	Organized Crime		Alberto Falcone		Maroni					60	350	6	5+	2	3	3	6	3	Hidden Weapon	-	-	-	-	Assassin/3	Cruel	Stealth	Strategist	Hidden	The Holiday Killer	-	-	-	-	-	-							
Hugo Strange - 44 - 0	0	Hugo Strange	Hugo Strange	Free Agent	Black Mask / LoS / Organized Crime / Riddler		Hugo Strange		Jonathan Crane, Selina Kyle					44	0	6	5+	2	2	3	6	3	Unarmed	-	-	-	-	Arkham Asylum Dr (1SC)	Subliminal Suggestion (2S)	Psychiatrist (1SC)	Persuasive (1SC+1AC)	Psychologist	-	-	-	-	-	-	-	HUGO STRANGE AND IMMATES		Black Mask	League of Shadows			
Huntress - 66 - 100	0	Helena Bertinelli	Huntress	Free Agent	Batman / Green Arrow 		Helena Bertinelli		Lobo					66	100	6	4+	3	3	4	7	3	Hand Crossbow	Bo	-	-	-	Rapid Fire (1SC)	Acrobat	Distract (1SC)	Runaway	Stealth	Martial Artist	-	-	-	-	-	-	HUNTRESS		Batman	Green Arrow			
Hush - 73 - 350	0	Thomas Elliot	Hush	Free Agent	Poison Ivy / Joker & Harley / Riddler / Scarecrow		Thomas Elliot							73	350	6	4+	3	4	4	7	3	Automatic Gun Light	Automatic Gun Light	-	-	-	Exhaustive Planner	The Hidden Boss	Martial Artist	Master Marksman	Mastermind	Persuassive	Scheming/3	-	-	-	-	-	HUSH		Poison Ivy	Joker			
Ice Penguin - 25 - 200	0	Unknown	Ice Penguin	Henchman	Penguin		Ice Penguin							25	200	4	5+	3	3	3	4	3	Sawed off Shotgun	-	-	-	-	Criminal	Mobster	-	-	-	-	-	-	-	-	-	-	PENGUIN'S THUGS SET II		Penguin				
																																														
Jhonny-6 - Tournament Card - 45 - 0	0	Jhonny-6	Jhonny-6	Henchman	Riddler		Jhonny-6							45	0	6	4+	2	3	3	6	3	Hidden Sharp Blade	-	-	-	-	Bodyguard (1SC/P)	Bot	Desesitized	EMP	-	-	-	-	-	-	-	-	Tournament Card (Jhonny-Six)		Riddler				
Joker - Arkham City - 105 - 0	0	Unknown	Joker (Arkham City)	Leader	Joker & Harley		Joker							105	0	8	4+	2	4	4	8	3	Poisoned Knife	Explosive Teeth	-	-	-	Total Vision	Luck (1SC)	Kaos Agent	One Shot Gun (2AC+2SC)	Trickster	Poison Master	-	-	-	-	-	-	Promotional	The Joker	Joker				
Joker - Jared Leto - EB - 120 - 0	0	Unknown	Joker (Jared Leto)	Leader	Joker & Harley		Joker				Cosplayers			120	0	8	4+	2	4	4	8	3	Baton	Pink Gun	-	-	-	Dirty Money	Mobster	Kaos Agent	Follow Me!	Psycho	Survivor	Intimidate (2SC)	True Love: Harley Quinn	-	-	-	-	SSqS	The Joker					
Joker - Killing Joke - 100 - 0	0	Unknown	Joker (Killing Joke)	Leader	Joker & Harley		Joker							100	0	8	4+	2	4	4	8	3	Acid Flower	Knife	Baton Heavy	-	-	Kaos Agent	Intimidate (1SC)	Demotivate (2SC)	Kill Them!	Psycho	Scheming/1	Trickster	-	-	-	-	-	JOKER (THE KILLING JOKE)	The Joker	Joker				
Joker - TDKR - 70 - 0	0	Unknown	Joker (TDKR)	Leader	Joker & Harley		Joker							70	0	7	4+	2	4	4	7	3	Automatic Gun Light	Precise Knife	-	-	-	Kaos Agent	Trickster	Psycho	Target of the Bat	Combo: Precise Knife	Cruel (2SC)	-	-	-	-	-	-	JOKER & ROBOTIC DOLLS	The Joker	Joker				
Joker - Ledger - 90 - 0	0	Unknown	Joker (Ledger)	Leader	Joker & Harley		Joker							90	0	8	4+	2	4	4	8	3	Custom Gun	Knife	-	-	-	Kaos Agent	Henchman Bomb (2SC)	Luck (1SC)	Undercover	Trickster	Psycho	-	-	-	-	-	-	JOKER (HEATH LEDGER )	The Joker	Joker				
Joker Titan - Arkham City - 130 - 0	0	Unknown	Joker Titan AC	Leader	Joker & Harley		Joker							130	0	8	2+	3	5	3	10	3	Claws	-	-	-	-	Power Strike (1SC)	Large	Luck (1SC)	Sturdy	Tireless	Trickster	-	-	-	-	-	-	JOKER (TITAN FORM)	The Joker	Joker				
Joker's Daughter - 60 - 100	0	Duela Dent	Joker's Daughter	Sidekick	Joker & Harley		Duela Dent		Lobo, Harley Quinn					60	100	6	5+	4	3	3	6	3	Machete	Lipstick Gun	-	-	-	Acrobat	Daddy's Girrrl	Cruel (2SC)	Discourage (1SC)	Psycho	Detective	-	-	-	-	-	-	HARLEY QUINN ARKHAM CITY	Duela Dent	Joker				
Jokermobile - Arkham Knight - 150 - 1500	1	None	Jokermobile Skin (AK)	Vehicle/Legend	Batman		Jokermobile Skin							150	1500	5	3+	3	4	2	10	3	Minigun	Riot Gun	Missile Barrage	60mm Cannon	-	Combat Mode (3MC)	Laughing Gas	Hard Driving	Exclusive Driver	Large	Heavy Armour	Lantern (1SC)	-	-	-	-	-	BATMOBILE (ARKHAM KNIGHT)		Batman				
Katana - 75 - 100	0	Tatsu Yamashiro	Katana	Free Agent	Green Arrow / Batman 		Tatsu Yamashiro		Lobo					75	100	6	5+	3	4	4	6	3	Soultaker Katana	Shuriken	-	-	-	Acrobat	Feint	Precise Blow (1SC)	Adaptable	Martial Artist	Stealth	-	-	-	-	-	-	KATANA		Green Arrow	Batman	Law Forces		
Katana - SSqS - 50 - 0	0	Tatsu Yamashiro	Katana (SSqS)	Free Agent	LAW Forces		Tatsu Yamashiro							50	0	5	5+	3	3	3	6	3	Soultaker Katana	Tanto	-	-	-	Acrobat	Bodyguard (1SC/P)	Martial Artist	Weapon Master	Suicide Squad Member	Volunteer	-	-	-	-	-	-	SSqS		Law Forces	Katana SS	LAW Forces		
Kid Flash - 74 - 0	0	Bart Allen	Kid Flash	Free Agent	Batman / Green Arrow / LAW Forces 		Bart Allen							74	0	6	5+	4	3	4	5	3	Vibration Wave	-	-	-	-	Concealment (1SC+1MC)	Dodge (1MC/P)	Speed Force Master	Speedster/4	Dodge (1MC/P)	Fast	-	-	-	-	-	-	KID FLASH		Batman	Green Arrow			
Killer Croc - 95 - 0	0	Waylon Jones	Killer Croc	Free Agent	Unknown		Waylon Jones	Batman / LAW Forces / Green Arrow						95	0	7	3+	2	5	3	9	3	Claws	-	-	-	-	Cannibal (→Devour(2AC/P))	Lord of the Sewer	Amphibious	Large	Superior Smell (1SC)	Tough Skin	-	-	-	-	-	-	KILLER CROC		Unknown				
Killer Croc - SSqS - 64 - 0	0	Waylon Jones	Killer Croc (SSqS)	Free Agent	Unknown		Waylon Jones	Batman / Green Arrow / LAW Forces						64	0	6	4+	3	4	3	7	3	Claws	-	-	-	-	Amphibious	Ferocious	Tough Skin	Raised in the Sewers	Suicide Squad Member	-	-	-	-	-	-	-	SSqS		Unknown				
Killer Frost - 70 - 150	0	Louise Lincoln	Killer Frost	Free Agent / Sidekick(Mr. Freeze)	Unknown		Louise Lincoln	Batman / LAW Forces / Green Arrow	Lobo					70	150	6	4+	3	3	4	6	3	Ice Daggers	Chill Touch	-	-	-	Acrobat	Adaptable	Resilient	Runaway	Stop! (1SC/P)	-	-	-	-	-	-	-	KILLER FROST		Unknown				
King Shark	0																							-	-	-	-	-																		
Lady Shiva - 85 - 0	0	Sandra Wu-San	Lady Shiva	Sidekick	LoS		Sandra Wu-San		Lobo					85	0	6	4+	3	3	4	7	3	Reinforced Gloves	-	-	-	-	Combo: Unarmed	Acrobat	Adaptable	Martial Artist	Master Fighter	Stealth	Tracking (2SC)	-	-	-	-	-	LADY SHIVA AND THE LEAGUE OF SHADOWS	Lady Shiva	League of Shadows				
League‘s Agent 1 - 21 - 0 - Kama	0	Unknown	League‘s Agent 1	Henchman	LoS		League‘s Agent 1		Lobo					21	0	4	5+	3	3	3	4	3	Kama	-	-	-	-	Sustained Defense	Martial Artist	-	-	-	-	-	-	-	-	-	-	LADY SHIVA AND THE LEAGUE OF SHADOWS		League of Shadows				
League‘s Agent 2 - 20 - 100 - Knife	0	Unknown	League‘s Agent 2	Henchman	LoS		League‘s Agent 2		Lobo					20	100	4	5+	3	3	3	4	3	Knife	Throwing Knife	-	-	-	Undercover	Martial Artist	-	-	-	-	-	-	-	-	-	-	LADY SHIVA AND THE LEAGUE OF SHADOWS		League of Shadows				
League‘s Agent 3 - 23 - 0 - Katana	0	Unknown	League‘s Agent 3	Henchman	LoS		League‘s Agent 3							23	0	4	5+	3	3	3	4	3	Katana	-	-	-	-	Fast	Martial Artist	-	-	-	-	-	-	-	-	-	-	BANE'S THUGS SET I		League of Shadows				
Lieutenant Branden - EB - 53 - 400	0	Howard Brandon	Lieutenant Branden	Sidekick	LAW Forces / Organized Crime / Black Mask / Two-Face		Howard Brandon				S.W.A.T.			53	400	6	4+	2	3	3	6	3	MG 2	-	-	-	-	Arrest (1MC+1SC)	Lantern (1SC)	Corrupt	Bulletproof Vest	Undercover	Veteran	-	-	-	-	-	-	COMMISSIONER LOEB & GOTHAM POLICE		Law Forces	Organised Crime			
Little Spark - 40 - 100	0	Unknown	Little Spark	Henchman	Unknown		Little Spark	Batman / LAW Forces / Green Arrow						40	100	5	5+	2	3	3	5	3	Heavy Electric Baton	-	-	-	-	Catcher Gear	Electric Storm (3SC+1AC)	Handyman	Sturdy	Unpredictable	-	-	-	-	-	-	-	BLACKGATE PRISONERS SET II		Unknown				
Lobo - 136 - 500	0	Unknown	Lobo	Free Agent	Unknown		Lobo	Batman / LAW Forces / Green Arrow						136	500	8	3+	2	5	4	9	3	Hook	Big Gun	Reinforced Gloves	-	-	Regeneration (1SC)	Immortal	Brutal	Dirty Fighting	Master Fighter	Power Strike (1SC)	Psycho	The Main Man	-	-	-	-	LOBO		Unknown				
Lotus - E - 48 - 100	0	Unknown	Lotus	Henchman	LoS		Lotus			Ninja				48	100	6	5+	3	3	4	6	3	Katana	Shuriken	-	-	-	Dodge (1MC/P)	Rapid Fire (1SC)	Reflexes	Martial Artist	Stealth	-	-	-	-	-	-	-	LEAGUE OF SHADOWS SET I		League of Shadows				
Lex Luthor																																														
																																														
Mad Hatter - 75 - 0	0	Dr. Jervis Tetch	Mad Hatter	Leader	Wonderland Gang		Jervis Tetch							75	0	8	5+	3	3	3	6	3	Cal 0,60 Gun	-	-	-	-	Dodge (1MC/P)	Handyman	Mastermind	Small	Weak	Charm	Mind Control Device (2SC)	-	-	-	-	-							
Mary - 25 - 100	0	None	Mary	Henchman	Joker & Harley		Mary							25	100	4	4+	2	2	2	3	3	Laughing Gas Weapon	-	-	-	-	Bot	Fly (1SC+1MC)	Funny Bomb (1AC+1SC)	Save Hands	-	-	-	-	-	-	-	-	JOKER & ROBOTIC DOLLS		Joker				
Master of Ceremonies - E - 36 - 0	0	Unknown	Master of Ceremonies	Henchman	Joker & Harley		Master of Ceremonies			Circus				36	0	5	4+	2	4	3	6	3	Axe	-	-	-	-	Catcher Gear)	Psycho	Elusive (1MC/P)	Hardened	-	-	-	-	-	-	-	-	JOKER'S CLOWNS SET III		Joker				
McGregor - 27 - 0	0	Unknown	McGregor	Henchman	Bane / LoS		McGregor							27	0	5	5+	3	3	3	5	3	Machete	-	-	-	-	Mercenary	Veteran	Bulletproof Vest	Weapon Master: Machete	-	-	-	-	-	-	-	-	BANE CREW		Bane	League of Shadows			
Mesh - 22 - 600	0	Unknown	Mesh	Henchman	Black Mask		Mesh							22	600	4	4+	2	3	2	4	3	Assault Rifle	-	-	-	-	Brutal	-	-	-	-	-	-	-	-	-	-	-							
Militia 1 - 22 - 350 - Carbine	0	Unknown	Militia 1	Henchman	Scarecrow		Militia 1							22	350	5	4+	2	3	3	4	3	Carbine	-	-	-	-	Shooter	Assault 3	Veteran	-	-	-	-	-	-	-	-	-	SCARECROW MILITIA		Scarecrow				
Militia 2 - 15 - 0 - Knife	0	Unknown	Militia 2	Henchman	Scarecrow		Militia 2							15	0	4	5+	2	3	3	4	3	Knife	-	-	-	-	Veteran	Gas Mask	-	-	-	-	-	-	-	-	-	-	SCARECROW MILITIA		Scarecrow				
Militia 4 - 29 - 500 - -Rocket Launcher	0	Unknown	Militia 4	Henchman	Scarecrow		Militia 4							29	500	4	5+	2	3	3	4	3	Rocket Launcher	-	-	-	-	Good Aim	Veteran	-	-	-	-	-	-	-	-	-	-	MILITIA SET 1		Scarecrow				
Militia Brute 1 - E - 40 - 0	0	Unknown	Militia Brute 1	Henchman	Scarecrow		Militia Brute 1			Militia Brute				40	0	5	4+	1	4	2	6	3	Long Electric Baton	Long Electric Baton	-	-	-	Gas Mask	Cybernetic	Light Armor	Sturdy	Large	-	-	-	-	-	-	-	MILITIA BRUTE		Scarecrow				
Militia Commander 1 - 33 - 300	0	Unknown	Militia Commander 1	Henchman	Scarecrow		Militia Commander 1							33	300	5	5+	2	4	3	5	3	Automatic Gun Light	Smoke Grenades 2	-	-	-	Expert Marksman (1SC)	Kill Them!	Veteran	-	-	-	-	-	-	-	-	-	SCARECROW MILITIA		Scarecrow				
Militia Gatling Brute - E - 53 - 850	0	Unknown	Militia Gatling Brute	Henchman	Scarecrow		Militia Gatling Brute			Militia Brute				53	850	5	5+	1	4	2	6	3	Vulcan M61	-	-	-	-	Cybernetic	Gas Mask	Invaluable	Large	Light Armor	Sturdy	-	-	-	-	-	-	MILITIA GATLING BRUTE		Scarecrow				
Militia Medic - 21 - 0	0	Unknown	Militia Medic	Henchman	Scarecrow		Militia Medic							21	0	4	5+	2	2	3	4	3	Surgical Knife	-	-	-	-	Medic (2SC)	Veteran	-	-	-	-	-	-	-	-	-	-	MILITIA SET 1		Scarecrow				
Mohawk - 30 - 0	0	Unknown	Mohawk	Henchman	Bane / LoS		Mohawk							30	0	5	5+	3	3	3	5	3	Ice Axe	Ice Axe	-	-	-	Mercenary	Veteran	Bulletproof Vest	Combo: Ice Axe	-	-	-	-	-	-	-	-	MERC SET1		Bane	League of Shadows			
Mottom - 27 - 0	0	Unknown	Mottom	Henchman	Two-Face		Mottom	LAW Forces / Green Arrow						27	0	5	5+	3	3	3	5	3	Axe	-	-	-	-	Fast	Criminal	-	-	-	-	-	-	-	-	-	-	TWO-FACE´S GANGS SET I		Two-Face		Two-Face		
Monster T - 40 - 200	0	Unknown	Monster T.	Free Agent	Unknown		Monster T.	Batman / Green Arrow / LAW Forces						40	200	5	4+	2	3	3	6	3	Knife	Hidden Gun	-	-	-	Handsome Hunka Hunka	Disturb	Goad	Mobster	-	-	-	-	-	-	-	-	PROMOTIONAL						
Mr Freeze - 75 - 500	0	Victor Fries	Mr Freeze	Free Agent	Unknown		Victor Fries							75	500	6	4+	2	4	3	6	4	Freezing Gun	Freezing Grenades	-	-	-	Power Armour	Primary Target: Loot	Desensitized	Scientific	Scheming/2	-	-	-	-	-	-	-	MR. FREEZE		Unknown				
Mr Freeze - Arkham Knight - 80 - 0	0	Victor Fries	Mr. Freeze (Arkham Knight)	Leader	Mr. Freeze		Victor Fries							80	0	7	4+	2	3	4	7	4	Freeze Arm weapon	-	-	-	-	Desensitized	Ice Flash (3SC)	Light Armored	Save Hands	Scheming/3	Scientific	Self-Discipline	Vulnerability to Fire	Power Armor MKII	-	-	-			Mr. Freeze				
Mr. Grin Black - E - 17 - 0	0	Unknown	Mr. Grin (Black)	Henchman	Joker & Harley		Mr. Grin Black			Cosplayers				17	0	4	5+	2	3	3	4	3	Knife	-	-	-	-	Desensitized	Grin Twins	-	-	-	-	-	-	-	-	-	-	SSqS						
Mr. Grin White - E - 19 - 0	0	Unknown	Mr. Grin (White)	Henchman	Joker & Harley		Mr. Grin White			Cosplayers				19	0	4	5+	2	3	3	4	3	Brass Knuckles	-	-	-	-	Desensitized	Grin Twins	-	-	-	-	-	-	-	-	-	-	SSqS						
Mr. Hammer - EB - 71 - 0	0	Abramovici	Mr. Hammer	Sidekick	Joker & Harley		Abramovici				Circus			71	0	6	3+	3	5	3	8	3	Warhammer	-	-	-	-	Bodyguard (1SC/P)	Lethal Blow (1SC)	One Armed	Large	Brutal	-	-	-	-	-	-	-	JOKER'S DAUGHTER	Mr Hammer	Joker				
Mr. Pink - Tournament Card - 55 - 0	0	S.B.	Mr. Pink	Henchman	Organized Crime / Black Mask / Two-Face 		S.B.							55	0	6	5+	2	3	4	6	3	Gun BB	-	-	-	-	Bulletproof Vest	Rapid Fire (1SC)	Primary Target: Loot	Runaway	Criminal	Informer	#N/A	-	-	-	-	-	Tournament Card ()		Black Mask	Organised Crime			
Mule Goon - 27 - 0	0	Unknown	Mule Goon	Minion	Black Mask		Mule Goon					Minion		27	0	5	4+	2	4	2	7	3	Brass Knuckles	-	-	-	-	Brutal	Sturdy	Veteran	-	-	-	-	-	-	-	-	-	BLACK MASK'S THUGS SET 1		Black Mask				
																																														
Nightwing - 85 - 0	0	Richard Grayson	Nightwing	Sidekick	Batman		Richard Grayson							85	0	6	4+	3	4	4	7	3	Wing-dings	Electric Baton	-	-	-	Arcobat	Charismatic	Combo: Electric Baton	Batclaw (1SC+1MC)	Electric Storm (3SC+1AC)	Explosive Gel	Sneak Attack (1SC)	-	-	-	-	-	NIGHTWING	Richard Grayson	Batman				
Nightwing - Arkham Knight - 95 - 0	0	Richard Grayson	Nightwing	Sidekick	Batman		Richard Grayson							95	0	7	4+	4	4	4	7	3	Electric Batons	Wing-dings	-	-	-	Acrobat	Charismatic	Combo: Electric Batons	Batclaw (1SC+1MC)	Electric Storm (3SC+1AC)	Agile	Reflexes	Teamwork/1 All	Heir to the Cowl	-	-	-	NIGHTWING (ARKHAM KNIGHT)						
Niteowl II - 50 - 0	0	Daniel Dreiberg	Niteowl	Watchmen	Watchmen		Daniel Dreiberg							50	0	6	4+	2	3	4	6	3	Shuriken	-	-	-	-	Bonebreaker (1SC)	Archie	Batcape (1SC/P)	Arrest (1MC+1SC)	Total Vision	Brutal	Watchmen	-	-	-	-	-	NITE OWL		Watchmen				
Nyssa al Ghul - EB - 83 - 300	0	Nyssa Raatko	Nyssa al Ghul	Sidekick	LoS		Nyssa Raatko		Lobo		Ninja			83	300	6	4+	3	3	4	7	3	Bow Standard Arrow 3	Kruki	-	-	-	Hook Arrow (1SC+1MC / Batclaw)	Good Aim	Acrobat	Master Marksman	Reflexes	Stealth	Martial Artist	-	-	-	-	-	NYSSA AL GHUL	Nyssa al Ghul	League of Shadows				
O'Malley‘s Father - 51 - 0	0	Brandon O‘Malley	O'Malley‘s Father	Henchman	The Court of Owls		Brandon O‘Malley							51	0	6	4+	3	4	4	6	3	Katar	Owl Knife	-	-	-	Stealth	Tireless	Weakness: Cold	Reanimated Owl	Assassin /2	Brutal	-	-	-	-	-	-	COURT OF OWLS CREW		The Court of Owls				
O'Malley‘s Grandfather - 33 - 0	0	James O‘Malley	O'Malley‘s Grandfather	Henchman	The Court of Owls		James O‘Malley							33	0	5	4+	2	3	3	6	3	Katar	Owl Knife	-	-	-	Bodyguard (1SC/P)	Veteran	Weakness: Cold	Reanimated Owl	Martial Artist	-	-	-	-	-	-	-	COURT OF OWLS CREW		The Court of Owls				
O'Malley‘Son - 30 - 0	0	Nathaniel O‘Malley	O'Malley‘Son	Henchman	The Court of Owls		Nathaniel O‘Malley							30	0	5	4+	3	3	3	5	3	Katar	Owl Knife	-	-	-	Martial Artist	Weakness: Cold	Reanimated Owl	Distract (1SC)	-	-	-	-	-	-	-	-	COURT OF OWLS CREW		The Court of Owls				
Ozymandias - 100 - 0	0	Adrian Alexander Veidt	Ozymandias	Watchmen	Watchmen		Adrian Alexander Veidt							100	0	8	3+	4	4	5	8	3	Reinforced Gloves	-	-	-	-	Acrobat	Reflexes	Mastermind	Great Strategist	Martial Artist	Watchmen	-	-	-	-	-	-	Ozymandias		Watchmen				
Panda Man - E - 40 - 650	0	Unknown	Panda Man	Henchman	Joker & Harley		Panda Man			Cosplayers				40	650	5	5+	2	3	2	5	3	Modified Assault Rifle	-	-	-	-	Hardened	Paranoid (MD)	Panda Costume	-	-	-	-	-	-	-	-	-	SSqS						
Parademon - 70 - 0	0	Unknown	Parademon	Free Agent	None		Parademon							70	0	6	2+	2	4	2	9	3	Claws	-	-	-	-	Fly (1SC+1MC)	Hardened	Large	Medium Armor	Sturdy	Self-Destruction (1AC+1SC)	-	-	-	-	-	-							
Pavilion A Subject - 10 - 0	0	Unknown	Pavilion A Subject	Henchman	Unknown		Pavilion A Subject	Batman / LAW Forces / Green Arrow						10	0	4	4+	2	2	2	5	3	Unarmed	-	-	-	-	Delirium	Unpredictable	-	-	-	-	-	-	-	-	-	-	VICTOR ZSASZ & ARKHAM LUNATICS		Unknown				
Pavilion B Subject - 13 - 0	0	Unknown	Pavilion B Subject	Henchman	Unknown		Pavilion B Subject	Batman / LAW Forces / Green Arrow						13	0	5	4+	2	2	2	4	3	Unarmed	-	-	-	-	Delirium	Paranoid (MD)	Fast	-	-	-	-	-	-	-	-	-	VICTOR ZSASZ & ARKHAM LUNATICS		Unknown				
The Penguin - Arkham City - 75 - 0	0	Oswald Chesterfield Cobblepot	Penguin (AC)	Leader	Penguin		Oswald Chesterfield Cobblepot							75	0	7	5+	2	3	3	7	3	Umbrella Cannon	Umbrella Blade	-	-	-	Lord of Business	Charismatic	Handyman	Bulletproof Vest	Mob	Persuasive (1SC+1AC)	Small	-	-	-	-	-	PENGUIN'S CREW	Oswald C. Cobblepot	Penguin				
The Penguin - Arkham Knigh - 77 - 0	0	Oswald Chesterfield Cobblepot	Penguin (AK)	Leader	Penguin		Oswald Chesterfield Cobblepot							77	0	8	5+	2	3	3	7	3	Lighter and Cigar	Brass Knuckles	-	-	-	Lord of Business	Exhaustive Planner	Mob	Order (1SC)	Pickpocket (1MC)	Plead	Primary Target: Ammo Crates	Protect Me! (1SC/P)	Small	-	-	-							
The Penguin - Gotham - 70 - 0	0	Oswald Chesterfield Cobblepot	Penguin (Gotham)	Leader (Penguin) / Sidekick (OC)	Penguin		Oswald Chesterfield Cobblepot							70	0	7	5+	1	3	3	6	3	Knife	Umbrella	-	-	-	Boss's Orders (2SC)	Survivor	Cruel (2SC)	Distract (1SC)	Luck (1SC)	Mob	Persuasive (1SC+1AC)	Scheming/2	Strategist	-	-	-	THE PENGUIN (GOTHAM TV SHOW)	Oswald C. Cobblepot	Penguin				
Penguin Emperor - E - 31 - 0	0	Unknown	Emperor Penguin	Henchman	Penguin		Emperor Penguin			Penguin				31	0	5	4+	2	3	4	5	3	Electric Baton	-	-	-	-	Football Gear	Follow Me!!!	-	-	-	-	-	-	-	-	-	-	PENGUIN'S CREW		Penguin				
Penguin Lieutenant - 50 - 0	0	Big A.	Penguin Lieutenant	Henchman	Penguin		Penguin Lieutenant							50	0	5	4+	2	4	3	7	3	Reinforced Gloves	-	-	-	-	Hockey Gear (Biker Jacket)	Large	Mobster	Take Cover! (1SC)	Taunt (1SC)	-	-	-	-	-	-	-							
Plant - E - 10 - 0	0	Plant	Plant	Minion	Poison Ivy		Plant			Plants		Minion		10	0	4	5+	0	3	2	4	3	Root	-	-	-	-	Plant Special Traits	-	-	-	-	-	-	-	-	-	-	-	POISON IVY & PLANTS SLAVES		Poison Ivy				
Poison Ivy - Arkham City - EB - 97 - 0	0	Dr. Pamela Lillian Isley	Poison Ivy (AC)	Leader	Poison Ivy	Bane, Penguin	Dr. Pamela Lillian Isley		Lobo		Plants			97	0	8	5+	3	3	4	8	4	Sprinkling Spores	-	-	-	-	Mortal Kiss (2SC)	Chlorokinesis (1SC)	Control Pheremones (3SC)	Poison Immunity	Scientific	Discourage (1SC)	-	-	-	-	-	-	POISON IVY	Dr. Pamela Lillian Isley	Poison Ivy				
Poison Ivy - Comic - EB - 83 - 0	0	Dr. Pamela Lillian Isley	Poison Ivy (Comic)	Leader	Poison Ivy		Dr. Pamela Lillian Isley		Lobo		Plants			83	0	7	4+	4	3	4	7	4	Toxic Nails	-	-	-	-	Poison Immunity	Acrobat	Control Pheremones (3SC)	Scientific	Confusion (2SC)	-	-	-	-	-	-	-	POISON IVY & PLANTS SLAVES	Dr. Pamela Lillian Isley	Poison Ivy				
Prisoner 01 - 10 - 0 - Tube 	0	Classified	Prisoner 01	Henchman	Unknown		Prisoner 01	Batman / LAW Forces / Green Arrow						10	0	4	5+	2	2	2	5	3	Tube	-	-	-	-	Pickpocket (1MC)	-	-	-	-	-	-	-	-	-	-	-	BLACKGATE PRISONERS SET I		Unknown				
Prisoner 02 - 17 - 0 - BiggaSticka	0	Classified	Prisoner 02	Henchman	Unknown		Prisoner 02	Batman / LAW Forces / Green Arrow						17	0	4	5+	2	3	2	5	3	BiggaSticka	-	-	-	-	Elusive (1MC/P)	Criminal	-	-	-	-	-	-	-	-	-	-	BLACKGATE PRISONERS SET I		Unknown				
Prisoner 03 - 19 - 0 - Axe	0	Unknown	Prisoner 03	Henchman	Unknown		Prisoner 03	Batman / LAW Forces / Green Arrow						19	0	4	5+	2	2	2	4	3	Axe	-	-	-	-	Criminal	Street Guy	-	-	-	-	-	-	-	-	-	-	BLACKGATE PRISONERS SET II		Unknown				
Prisoner 04 - 18 - 0 - Brass Knuckles	0	Unknown	Prisoner 04	Henchman	Unknown		Prisoner 04	Batman / LAW Forces / Green Arrow						18	0	4	5+	2	3	2	5	3	Brass Knuckles	-	-	-	-	Bodyguard (1SC/P)	Criminal	-	-	-	-	-	-	-	-	-	-	BLACKGATE PRISONERS SET II		Unknown				
Prisoner 05 - 20 - 300 - Smoke Grenades	0	Unknown	Prisoner 05	Henchman	Unknown		Prisoner 05	Batman / LAW Forces / Green Arrow						20	300	4	5+	2	2	2	5	3	Automatic Gun Light	Smoke Grenades 2	-	-	-	Lantern (1SC)	Criminal	-	-	-	-	-	-	-	-	-	-	BLACKGATE PRISONERS SET II		Unknown				
Professor Pyg - 90 - 150	0	Lazlo Valentin	Proffesor Pyg	Free Agent	Unknown		Lazlo Valentin	Batman / LAW Forces / Green Arrow						90	150	6	5+	2	3	3	6	3	Knife	Throwing Knife	-	-	-	Combo: Knife	Medic (2SC)	Goad	Self-Discipline	Test Subjects (Arrest (1MC+1SC))	Dollotrons	Surgical Madness (MD)	-	-	-	-	-							
Professor Zoom - 117 - 0	0	Eobard Thawne	Professor Zoom	Free Agent	Unknown		Eobard Thawne	Batman / LAW Forces / Green Arrow / Joker / LoS						117	0	8	4+	5	4	5	8	4	Phase Strike v1	-	-	-	-	Dodge (1MC/P)	Fast	Negative Speed Force	Speedster/5	Scientific	Strategist	-	-	-	-	-	-	PROFESSOR ZOOM		Unknown				
																																														
																																														
Quick Response Team 1 - 27 - 100 - Riot Gun	0	L. Lawrence	Quick Responce Team 1	Henchman	Batman / LAW Forces / Green Arrrow		Quick Responce Team 1						Corrupt	27	100	5	5+	2	3	3	5	3	Riot Gun 3	Extendable Baton	-	-	-	Arrest (1MC+1SC)	Bulletproof Vest	-	-	-	-	-	-	-	-	-	-	AARON CASH AND QUICK RESPONSE TEAM						
Quick Response Team 2 - 33 - 350 - Precision Rifle	0	Salvador	Quick Responce Team 2	Henchman	Batman / LAW Forces / Green Arrrow		Quick Responce Team 2						Corrupt	33	350	5	5+	2	3	3	5	3	Custom Carbine	Extendable Baton	-	-	-	Bulletproof Vest	Street Guy	-	-	-	-	-	-	-	-	-	-	AARON CASH AND QUICK RESPONSE TEAM						
Quick Response Team 3 - 35 - 400 - Precision Gun	0	Jenette Vassili	Quick Responce Team 3	Henchman	Batman / LAW Forces / Green Arrrow		Quick Responce Team 3		Lobo				Corrupt	35	400	5	5+	2	3	3	5	3	Precision Rifle	AP Ammo	AM Ammo	-	-	Bulletproof Vest	Radio	Tracking (2SC)	-	-	-	-	-	-	-	-	-	AARON CASH AND QUICK RESPONSE TEAM						
Quelle - 45 - 200	0	Josette	Quelle	Sidekick	Riddler		Quelle		Lobo					45	200	6	5+	2	3	3	5	3	Precision Gun	-	-	-	-	Bipolar	Demotivate (2SC)	Disarray (1SC)	Undercover	Trickster	-	-	-	-	-	-	-							
Quiz 1 - 33 - 350 - Custom SMG	0	Alexander	Quiz 1	Henchman	Riddler		Quiz 1							33	350	5	5+	2	3	3	6	3	Custom SMG	Custom SMG	-	-	-	Hardened	Rapid Fire (1SC)	-	-	-	-	-	-	-	-	-	-							
Quiz 2 - 15 - 0 - RiddlerKnuckles	0	Igor	Quiz 2	Henchman	Riddler		Quiz 2							15	0	4	4+	2	3	2	4	3	RiddlerKnuckles	Riddler Knuckles	-	-	-	Combo: Riddler Knuckles	Combat Flip (1SC)	Small	-	-	-	-	-	-	-	-	-							
Quiz 3 - 20 - 0 - Short Sickle	0	John Carrie	Quiz 3	Henchman	Riddler		Quiz 3							20	0	4	4+	2	3	2	4	3	Short Sickle	Short Sickle	-	-	-	Combo: Short Sickle	Distract (1SC)	-	-	-	-	-	-	-	-	-	-							
Puooup - 15 - 0	0	Unknown	Puooup	Minion	Two-Face		Puooup					Minion		15	0	4	5+	2	3	2	5	3	Mallet	-	-	-	-	Criminal	-	-	-	-	-	-	-	-	-	-	-	TWO-FACE´S CREW		Two-Face				
Ra's al Ghul - Arkham City - EB - 125 - 0	0	Ra‘s Al Ghul	Ra's al Ghul (AC)	Leader	LoS		Ra‘s Al Ghul				Ninja			125	0	8	3+	3	4	5	9	3	Soultaker Sword	-	-	-	-	Weapon Master: Soultaker Sword	Precise Blow (1SC)	Immortal	Veteran	Undercover	Master Mind	Martial Artist	Grand Strategist	-	-	-	-	RA'S AL GHUL ARKHAM CITY	Ra's al Ghul	League of Shadows				
Ra's al Ghul Movie Neeson - EB - 120 - 0	0	Ra‘s Al Ghul	Ra's al Ghul (Movie Neeson)	Leader	LoS		Ra‘s Al Ghul				Ninja			120	0	8	3+	3	5	5	8	3	Sword	-	-	-	-	Deathly Strike: Sword	Sustained Defense	Grand Strategist	Martial Artist	Master Mind	Immortal	Order (1SC)	Persuasive (1SC+1AC)	-	-	-	-	RA'S AL GHUL AND THE LEAGUE OF SHADOWS	Ra's al Ghul	League of Shadows				
Ragdoll	0																							-	-	-	-	-																		
Rattler Drone - 60 - 900	0	Rattler Drone	None	Vehicle	Scarecrow		Rattler Drone							60	900	4	3+	2	2	3	6	3	60mm Cannon	Minigun	-	-	-	Medium Armoured	Large	4x4 Off Road	-	-	-	-	-	-	-	-	-							
Ravager - 75 - 0	0	Rose Wilson	Ravager	Free Agent	Unknown		Rose Wilson	LAW Forces / Green Arrow	Lobo					75	0	6	4+	4	4	4	6	3	Sword	Sword	-	-	-	Power Dampening (1SC)	Self Disipline	Stealth	Weapon Master	Martial Artist	-	-	-	-	-	-	-	RAVAGER		Unknown				
Raven	0																							-	-	-	-	-																		
Reaper - 70 - 0	0	Benjamin Gruener	Reaper	Sidekick	Black Mask		Benjamin Gruener							70	0	6	4	2	4	4	7	3	Sickle	-	-	-	-	Assassin/2	Brutal	Combo: Sickle	Coward‘s Reward (1SC)	Tireless	Stealth	-	-	-	-	-	-							
Red Hood - Arkham Knight - 88 - 500	0	Jason Todd	Red Hood AK	Free Agent	Batman		Jason Todd							88	500	6	4+	4	4	4	7	3	Dual Handguns Ranged	Dual Handguns Melee	-	-	-	Teamwork/1 (All)	Takedown (1SC)	Safe Hands	Acrobat	Batclaw (1SC+1MC)	Bulletproof Vest	Scheming/1	-	-	-	-	-	RED HOOD (ARKHAM KNIGHT)		Batman				
Red Hood - Comic - 105 - 400	0	Jason Todd	Red Hood (Comic)	Sidekick	Batman / Organized Crime		Jason Todd							105	400	6	4+	4	4	4	7	3	Automatic Gun	Automatic Gun	-	-	-	Acrobat	Gunman	Kevlar Vest	Instinctive Shooting (1SC)	Agile	Martial Artist	Searcher	Schooter	-	-	-	-	RED HOOD		Batman	Organised Crime			
Red Hood Joker - Promo - 105 - 0	0	Unknown	Red Hood (Promotional)	Leader	Joker & Harley		Joker							105	0	8	4+	2	4	4	8	3	Poisoned Knife	Explosive Teeth	-	-	-	Total Vision	Luck (1SC)	Kaos Agent	One Shot Gun (2AC+2SC)	Trickster	Poison Master	-	-	-	-	-	-	Promotional	The Joker	Joker				
Reverse Flash - CW - 110 - 0	0	Eobard Thawne	Reverse Flash (CW)	Free Agent	Unknown		Eobard Thawne	Batman / LAW Forces / Green Arrow / Joker / LoS						110	0	7	4+	5	4	5	7	4	Phase Strike v2	-	-	-	-	Tachyon Device	I know what I‘m doing	Speedster/5	Dodge (1MC/P)	Fast	Scheming/2	Scientific	-	-	-	-	-	REVERSE FLASH TV SHOW		Unknown				
Rick Flag - EB - 64 - 500	0	Richard Rogers Flag	Rick Flag	Sidekick	LAW Forces		Rick Flag				Special Forces			64	500	6	4+	3	3	4	6	3	MG 2	Gun	Knife	-	-	Bulletproof Vest	Leadership	Multifire (2SC)	Order (1SC)	Veteran	Volunteer	-	-	-	-	-	-	RICK FLAG		Law Forces				
The Riddler - Arkham Knight - 85 - 0	0	Edward Nigma	Riddler AK	Leader	Riddler		Edward Nigma							85	0	8	5+	3	3	3	7	3	Great Riddler Baton	-	-	-	-	Bot Mechanic (1SC)	Can you Solve this 2+ (1SC)	Objective? Puzzles everywhere	Confusion (2SC)	Distract (1SC)	Handyman	Luck (1SC)	Mastermind	Puzzlemaster	-	-	-	THE RIDDLER AND BOT ARMY		Riddler				
Riddler's Mech - 123 - 0	0	Edward Nigma	Riddler's Mech	Leader	Riddler		Edward Nigma							123	0	8	4+	2	4	3	9	3	Mech Claw	Laser Beam Cannon	-	-	-	Bot Bomb (2SC)	Energy Field	Can you Solve this 4 (1SC)	Objective? Puzzles everywhere	Cybernetic	Confusion (2SC)	Large	Mastermind	Safe Hands	-	-	-	RIDDLER'S MECH		Riddler				
Ringmaster - E - 28 - 0	0	Unknown	Ringmaster	Henchman	Joker & Harley		Ringmaster			Circus				28	0	5	4+	2	4	3	7	3	Chain	-	-	-	-	360° Attack with (1SC+AC): Chain	Catcher‘s Gear	Unpredictable	-	-	-	-	-	-	-	-	-	JOKER CREW		Joker				
Robin - Arkham City - Tim Drake - 68 - 200	0	Tim Drake	Robin (AC Drake)	Free Agent	Batman		Tim Drake							68	200	6	4+	2	3	4	6	3	Bo	Flash Grenade	-	-	-	Batclaw (1SC+1MC)	Combo: Bo	Follow Me!!!	Searcher	Detective	-	-	-	-	-	-	-	ROBIN ARKHAM CITY BMG		Batman				
Robin - Arkham Knight - Tim Drake - 78 - 0	0	Tim Drake	Robin (AK Drake)	Sidekick	Batman		Tim Drake							78	0	6	4+	3	4	4	7	3	Batlings	Shielded Bo	-	-	-	Batclaw (1SC+1MC)	Combo: Bo	Teamwork/2 All	Detective	Undercover	True Love: Barbara Gordon	-	-	-	-	-	-	ROBIN ARKHAM KNIGHT		Batman				
Robin - Boy Wonder - 65 - 100	0	Dick Grayson	Robin (Boy Wonder)	Sidekick	Batman		Richard Grayson							65	100	6	5+	4	3	5	4	3	Battlings	-	-	-	-	Acrobat	Agile	Batclaw (1SC+1MC)	Combat Flip (1SC)	Disarray (1SC)	Escape Artist	Reflexes	Small	The Sidekick	Boy Wonder	Teen Titans Founder	-	BATMAN & ROBIN (THE DYNAMIC DUO)	Richard Grayson	Batman				
Robin - Comic - Damien - 50 - 0	0	Damian Wayne	Robin (Comic Damien)	Free Agent	Batman		Damian Wayne							50	0	5	4+	3	4	4	5	3	Batlings	-	-	-	-	Acrobat	Batclaw (1SC+1MC)	Martial Artist	Technique (1SC)	Master Fighter	Small	Detective	True Love: Batman	True Love: Talia Al Ghul	-	-	-	ROBIN (DAMIAN WAYNE)		Batman				
Robin - TDKR - 54 - 100	0	Carrie Kelley	Robin (TDKR)	Sidekick	Batman		Carrie Kelley		Lobo					54	100	6	5+	4	3	4	5	3	Slingshot	-	-	-	-	Acrobat	Agile	Concealment (1SC+1MC)	Handyman	-	-	-	-	-	-	-	-	CARRIE KELLEY & SONS OF BATMAN		Batman				
Ror - 26 - 500	0	Unknown	Ror	Henchman	Two-Face		Ror							26	500	4	5+	2	3	2	5	3	Rocket Launcher	-	-	-	-	Criminal	Gas Mask	-	-	-	-	-	-	-	-	-	-	SPICE AND TWO-FACE THUGS		Two-Face				
Rorschach - 75 - 0	0	Walter Joseph Kovacs	Rorschach	Watchmen	Watchmen		Walter Joseph Kovacs							75	0	7	4+	3	4	4	7	3	Improvised Weapon	-	-	-	-	Batclaw (1SC+1MC)	Bloodthirsty (MD)	Detective	Hidden	Brutal	Watchmen	-	-	-	-	-	-	RORSCHACH		Watchmen				
Rottor - 30 - 250	0	Unknown	Rottor	Henchman	Two-Face		Rottor							30	250	5	5+	3	3	3	5	3	Shotgun	-	-	-	-	Hardened	Follow Me!!!	Criminal	-	-	-	-	-	-	-	-	-	TWO-FACE´S GANGS SET I		Two-Face				
Royal Penguin - 24 - 600	0	Unknown	Royal Penguin	Henchman	Penguin		Royal Penguin							24	600	4	4+	2	3	3	5	3	Assault Rifle	-	-	-	-	Mobster	Street Guy	-	-	-	-	-	-	-	-	-	-	PENGUIN'S CREW		Penguin				
																																														
Savage Penguin - 26 - 300	0	Unknown	Savage Penguin	Henchman	Penguin		Savage Penguin	LAW Forces / Green Arrow						26	300	5	5+	3	4	2	5	3	Knife	SMG	-	-	-	Stupid	Mobster	-	-	-	-	-	-	-	-	-	-	PENGUIN'S THUGS SET II		Penguin				
Scandal Savage	0																							-	-	-	-	-																		
Scarecrow - Arkham City - 57 - 200	0	Jonathan Crane	Scarecrow (AC)	Free Agent	Unknown		Jonathan Crane	Batman / LAW Forces / Green Arrow						57	200	6	4+	2	4	3	6	3	Drug Spray v2	Syringe Claw	-	-	-	Psychologist	Persuasive (1SC+1AC)	Undercover	-	-	-	-	-	-	-	-	-	SCARECROW		Unknown				
Scarecrow - Arkham Knight - 80 - 0	0	Jonathan Crane	Scarecrow AK	Leader	Scarecrow		Jonathan Crane							80	0	8	4+	2	3	4	7	3	Syringe Fear Claw	-	-	-	-	Gas Mask	The Fear Master (1SC)	Inspire Fear (2SC)	Psycho	Undercover	Scheming/1	Psychologist	Discourage (1SC)	-	-	-	-	SCARECROW MILITIA	Jonathan Crane	Scarecrow				
Scarecrow - DK Movie - 60 - 200	0	Jonathan Crane	Scarecrow (DK Movie)	Free Agent	League of Shadow		Jonathan Crane							60	200	6	5+	3	3	3	6	3	Drug Spray v1	-	-	-	-	Death or Exile (2SC)	Follow Me!!!	Hidden	Psychologist	-	-	-	-	-	-	-	-	SCARECROW (BDKR)		League of Shadow				
Schoolboy - E SoF- 33 - 500	0	Ike	Schoolboy	Henchman	Bane		Schoolboy			Soldier of Fortune				33	500	5	5+	3	3	3	5	3	Rocket Launcher	-	-	-	-	Gas Mask	Veteran	-	-	-	-	-	-	-	-	-	-		Bane					
Seeker - E - 27 - 200	0	Unknown	Seeker	Henchman	LoS		Seeker			Ninja				27	200	4	5+	3	3	4	5	3	Bow Standard Arrow 3	Poison Arrow	-	-	-	Good Aim	Martial Artist	Stealth	-	-	-	-	-	-	-	-	-	LEAGUE OF SHADOWS SET I		League of Shadows				
Sgt Winslow - Tournament Card - 28 - 0	0	Sgt Winslow	Sgt Winslow	Henchman	Law Forces		Sgt Winslow						Corrupt	28	0	5	4+	2	3	3	6	3	Tonfa	-	-	-	-	Lantern (1SC)	Arrest (1MC+1SC)	Order (1SC)	Detective	Bulletproof Vest	-	-	-	-	-	-	-	Tournament Card ()		Law Forces				
Shadow - E - 26 - 100	0	Unknown	Shadow	Henchman	LoS		Shadow		Lobo	Ninja				26	100	4	5+	3	3	3	5	3	Bo	Smoke Grenades 2	-	-	-	Martial Artist	Stealth	Undercover	Sneak Attack (1SC)	-	-	-	-	-	-	-	-	LADY SHIVA AND THE LEAGUE OF SHADOWS		League of Shadows				
Shadowstorm - E - Tournament Card - 85 - 0	0	T.S.A.	Shadowstorm	Henchman	League of Shadow		T.S.A.			Ninja				85	0	6	4+	3	5	3	6	3	Katana	-	-	-	-	Acrobat	Fast	Reflexes	Stealth	Veteran	-	-	-	-	-	-	-	Tournament Card ()		League of Shadow				
Sickle - EB - 67 - 0	0	Abramovici	Sickle	Sidekick	Penguin		Abramovici				Penguin			67	0	6	3+	3	5	3	8	3	Sickle	-	-	-	-	360° Attack with (1SC+AC): Sickle	Bodyguard (1SC/P)	One Armed	Brutal	Large	-	-	-	-	-	-	-	SICKLE	Sickle	Penguin				
Silk Spectre II - 50 - 0	0	Laurie Juspeczyk	Silk Spectre II	Watchmen	Watchmen		Laurie Juspeczyk		Lobo					50	0	6	4+	3	4	3	5	3	Unarmed	-	-	-	-	Combo: Unarmed	Acrobat	Counter Attack	Close Combat Master	Martial Artist	Watchmen	-	-	-	-	-	-	SILK SPECTRE		Watchmen				
Six - Tournament Card - 35 - 0	0	Unknown	Six	Henchman	Joker & Harley		Six							35	0	5	4+	2	3	3	7	3	Spiked Shield	-	-	-	-	Let’s Go	Brutal	Psycho	Persuasive (1SC+1AC)	-	-	-	-	-	-	-	-	Tournament Card (Shield Clown)		Joker				
Slipknot - SSqS - 42 - 200	0	Christopher Weiss	Slipknot (SSqS)	Free Agent	Unknown		Christopher Weiss	Batman / Green Arrow / LAW Forces / LoS						42	200	5	5+	4	3	3	5	3	Knife	-	-	-	-	Arrest (1MC+1SC)	Grapple Gun	Bulletproof Vest	Suicide Squad Member	-	-	-	-	-	-	-	-	SSqS		Unknown				
Smash - 30 - 0	0	Unknown	Smash	Henchman	Bane / LoS		Smash							30	0	5	5+	3	3	3	5	3	Maul	Knife	-	-	-	Mercenary	Veteran	Bulletproof Vest	-	-	-	-	-	-	-	-	-	BANE CREW		Bane	League of Shadows			
Sniggering - 25 - 600	0	Unknown	Sniggering	Henchman	Joker & Harley		Sniggering							25	600	5	5+	2	3	2	5	3	Automatic Rifle	-	-	-	-	Informer	-	-	-	-	-	-	-	-	-	-	-	JOKER'S CLOWNS SET II		Joker				
Snowy 1 - 23 - 300 - Freeze Laser	0	Unknown	Snowy 1	Henchman	Mr. Freeze		Snowy 1							23	300	4	5+	2	2	3	5	3	Freeze Laser	Freeze Laser Expanded Beam	-	-	-	Hokey Gear	-	-	-	-	-	-	-	-	-	-	-	MR. FREEZE CREW		Mr. Freeze				
Snowy 2 - 23 - 400 - Freezing Spray	0	Unknown	Snowy 2	Henchman	Mr. Freeze		Snowy 2							23	400	4	5+	2	2	3	5	3	Freezing Spray	-	-	-	-	Hokey Gear	-	-	-	-	-	-	-	-	-	-	-	MR. FREEZE CREW		Mr. Freeze				
Snowy 3 - 24 - 0 - Hockey Stick	0	Unknown	Snowy 3	Henchman	Mr. Freeze		Snowy 3							24	0	5	5+	2	3	3	6	3	Hockey Stick	-	-	-	-	Hokey Gear	Combo: Hockey Stick	Radio	-	-	-	-	-	-	-	-	-	MR. FREEZE CREW		Mr. Freeze				
Snowy 4 - 24 - 300 - Freeze Laser MKII	0	Unknown	Snowy 4	Henchman	Mr. Freeze		Snowy 4							24	300	4	5+	2	2	3	6	3	Freeze Laser MK II	-	-	-	-	Hokey Gear	-	-	-	-	-	-	-	-	-	-	-							
Snowy 5 - 28 - 0 - Shovel	0	Unknown	Snowy 5	Henchman	Mr. Freeze		Snowy 5							28	0	5	5+	2	3	3	7	3	Shovel	-	-	-	-	Hokey Gear	Order (1SC)	Bluff (1SC)	-	-	-	-	-	-	-	-	-							
Solomon Grundy - 128 - 0	0	Cyrus Gold	Solomon Grundy	Free Agent	Unknown		Cyrus Gold	Batman / LAW Forces / Green Arrow						128	0	7	2+	2	5	3	11	3	Improvised Weapon	Reinforced Gloves	-	-	-	Undead	Immortal	Large	Sturdy	Stupid	Brutal	Supernatural	-	-	-	-	-	SOLOMON GRUNDY		Unknown				
Son of Batman 01 - 14 - 100 - Batlings	0	Unknown	Son of Batman 01	Henchman	Batman		Son of Batman 01							14	100	4	5+	2	3	2	5	3	Batlings	-	-	-	-	Hardened	Brutal	-	-	-	-	-	-	-	-	-	-	CARRIE KELLEY & SONS OF BATMAN		Batman				
Son of Batman 02 - 23 - 350 - Sawed Off	0	Unknown	Son of Batman 02	Henchman	Batman		Son of Batman 02							23	350	4	5+	2	3	2	5	3	Sawed Off Shotgun	Gun	-	-	-	Hardened	Street Guy	-	-	-	-	-	-	-	-	-	-	CARRIE KELLEY & SONS OF BATMAN		Batman				
Son of Batman 03 - 39 - 0 - Reinforced Gloves	0	Unknown	Son of Batman 03	Henchman	Batman		Son of Batman 03							39	0	5	4+	2	3	4	6	3	Reinforced Gloves	-	-	-	-	Bluff (1SC)	Counterattack	Follow Me!!!	Hardened	-	-	-	-	-	-	-	-	CARRIE KELLEY & SONS OF BATMAN		Batman				
Spartan - Diggle - CW - 60 - 350	0	John Diggle	Spartan / Diggle (CW)	Henchman	Green Arrow		John Diggle							60	350	6	4+	2	4	3	7	3	Automatic Gun Light	Taser Stunned	-	-	-	Kevlar Vest	Bodyguard (1SC/P)	Master Marksman	Scheming/2	Lantern (1SC)	-	-	-	-	-	-	-	DIGGLE		Green Arrow		Law Forces		
Spice - 69 - 0	0	Unknown	Spice	Sidekick	Two-Face		Spice							69	0	6	4+	4	3	4	7	3	Whip	-	-	-	-	Acrobat	Bodyguard (1SC/P)	Weapon Master	Teamwork 2: Sugar	Runaway	Desensitized	Order (1SC)	True Love: Dent	-	-	-	-	SPICE AND TWO-FACE THUGS		Two-Face				
Spider Robot - 10 - 0	0	Spider Robot	Spider Robot	Minion	Spiderman		Spider Robot					Minion		10	0	3	6+	2	2	2	2	3	Unarmed	-	-	-	-	Bot	Climbing Claws (1SC)	EMP	Lantern (1SC)	Multitask	-	-	-	-	-	-	-	SPIDER ROBOTS		Spiderman				
Spiderling 04 - 30 - 400	0	Unknown	Spiderling 04	Henchman	Spiderman		Spiderling 04							30	400	4	5+	2	3	3	5	3	X-MG	-	-	-	-	Arrest (1MC+1SC)	Veteran	-	-	-	-	-	-	-	-	-	-	SUPERIOR SPIDERMAN STARTER SET		Spiderman				
Spiderling 23 - 40 - 400	0	Unknown	Spiderling 23	Henchman	Spiderman		Spiderling 23							40	400	5	5+	2	3	3	6	3	X-MG	-	-	-	-	Master Marksmen	Order (1SC)	Sturdy	Veteran	-	-	-	-	-	-	-	-	SUPERIOR SPIDERMAN STARTER SET		Spiderman				
Spiderling 35 - 30 - 300	0	Unknown	Spiderling 35	Henchman	Spiderman		Spiderling 35							30	300	4	5+	2	3	3	5	3	Flamethrower 2	-	-	-	-	Arrest (1MC+1SC)	Veteran	-	-	-	-	-	-	-	-	-	-	SUPERIOR SPIDERMAN STARTER SET		Spiderman				
Spiderman - 140 - 0	0	Peter Parker	Spiderman	Leader	Spiderman	S.H.I.E.L.D.	Peter Parker							140	0	8	2+	3	3	5	7	4	Webbing	-	-	-	-	Agile	Arachnid	Arachnid Sense (2SC/P)	Arrest (1MC+1SC)	Lantern (1SC)	Scientific	Grapple Gun (Spider Webbing)	Safe Hands	Typical Parker‘s Luck	Self-Discipline	with: Great Power Comes Great Responsibility	-	SPIDERMAN 35		Spiderman				
Spore Plant - E - 20 - 150	0	Spore Plant	Spore Plant	Minion	Poison Ivy		Spore Plant			Plants		Minion		20	150	4	5+	0	3	2	4	3	Spore Sheath	-	-	-	-	Plant Special Traits	-	-	-	-	-	-	-	-	-	-	-	POISON IVY & PLANTS SLAVES		Poison Ivy				
Starfire - 130 - 0	0	Koriand‘r	Starfire	Free Agent	Batman	Roy Harper	Koriand‘r		Lobo					130	0	7	2+	3	4	4	6	3	Fire Blast	Reinforced Gloves	-	-	-	Fly (1SC+1MC)	Flying High (1MC-3SC)	Hover (1MC)	Invunerability/2	Lantern (1SC)	Safe Hands	True Love: Dick Grayson	-	-	-	-	-	STARFIRE		Batman				
Starling	0																							-	-	-	-		-																	
Street Demonz 1 - 29 - 150	0	Grumble	Street Demonz 1	Henchman	Penguin		Grumble							29	150	5	5+	2	3	3	6	3	Petrol Bomb 2	Shiv	-	-	-	Hockey Gear (Biker Jacket)	Mine	Mobster																
Street Demonz 2 - 21 - 200	0	Simmons	Street Demonz 2	Henchman	Penguin		Simmons							21	200	4	5+	2	2	2	5	3	Crossbow	-	-	-	-	Hockey Gear (Biker Jacket)	Shooter	Mobster																
Street Demonz 3 - 20 - 0	0	Reaver	Street Demonz 3	Henchman	Penguin		Reaver							20	0	4	4+	2	3	2	4	3	Maul	-	-	-	-	Hockey Gear (Biker Jacket)	Tireless	Mobster																
Strix - 61 - 100	0	Mary Turner	Strix	Henchman	The Court of Owls		Mary Turner		Lobo					61	100	6	4+	3	4	4	6	3	Katana	Throwing Knives	-	-	-	Acrobat	Climbing Claws (1SC)	Weakness: Cold	Reanimated Owl	Rapid Fire (1SC)	Stealth	-	-	-	-	-	-	THE COURT OWLS		The Court of Owls				
Superboy	0																							-	-	-	-	-																		
Supergirl	0																							-	-	-	-	-																		
Superior Spiderman - 180 - 0	0	Peter Parker & Otto Octavius	Superior Spiderman	Leader	Spiderman		Peter Parker & Otto Octavius							180	0	7	2+	4	4	5	8	4	Webbing	Impact Webbing	-	-	-	Agile	Arachnid	Arachnid Sense (2SC/P)	Claws	Mastermind	Night Vision	Safe Hands	Scientific	Grapple Gun (Spider Webbing)	Superior Hero	Peter Parkers Conscience	Maximum Effiency	SUPERIOR SPIDERMAN STARTER SET		Spiderman				
Swamp Thing - EB - 150 - 0	0	Alec Holland	Swamp Thing	Sidekick	Poison Ivy	Batman	Alec Holland				Plants			150	0	8	2+	2	4	3	11	4	Spikes	Altered Limb	-	-	-	Roots (2SC)	Green Travel (2MC+2SC)	Regeneration (1SC)	Vulnerable to Fire	Scientific	Tough Skin	Supernatural	Immortal	Large	Natural Immunities	Pollution Hate	-	SWAMP THING		Poison Ivy				
																																														
Talia al Ghul - Arkham City - EB - 71 - 0	0	None	Talia al Ghul (AC)	Sidekick	LoS	Batman	Talia al Ghul		Lobo		Ninja			71	0	6	5+	3	4	4	6	3	Katana	-	-	-	-	Acrobat	Sneak Attack (1SC)	Martial Artist	True Love: Bruce Wayne	Scheming/1	-	-	-	-	-	-	-	TALIA AL GHUL	Talia al Ghul	League of Shadows				
Talia al Ghul - Comic - 75 - 250	0	None	Talia al Ghul (Comic)	Sidekick	LoS		Talia al Ghul		Lobo					75	250	7	5+	3	4	4	7	3	Mauser Gun	-	-	-	-	Business Agent	Get'em (1SC)	Acrobat	Master Marksman	Scheming/3	True Love: Bruce Wayne	-	-	-	-	-	-	TALIA AL GHUL (COMIC)	Talia al Ghul	League of Shadows				
Talia al Ghul - Tournament Card - EB - 62 - 100	0	Talia al Ghul (alt. Version)	Talia al Ghul (alt. Version)	Sidekick	Ra‘s Al Ghul		Talia al Ghul		Lobo		Ninja			62	100	6	4+	3	4	4	6	3	Knife	Hand Crossbow	-	-	-	Acrobat	Confusion (2SC)	Martial Artist	Unpredictable	-	-	-	-	-	-	-	-	Tournament Card (Talia Al Ghul Alternate)	Talia al Ghul	Ra‘s Al Ghul				
Ted Hunter - 31 - 250	0	Unknown	Ted Hunter	Henchman	Bane / LoS		Ted Hunter							31	250	5	5+	3	3	3	5	3	Shotgun	Knife	-	-	-	Mercenary	Veteran	Bulletproof Vest	-	-	-	-	-	-	-	-	-	MERC SET1		Bane	League of Shadows			
The Bull - 22 - 0	^0	Luigi Lombardo	The Bull	Henchman	Organized Crime / Black Mask / Two-Face 		Luigi Lombardo							22	0	4	4+	2	2	2	4	3	Reinforced Gloves	-	-	-	-	Close Combat Master	Criminial	#N/A	-	-	-	-	-	-	-	-	-							
The Eyeball Man - E - 27 - 350	0	Stan	The Eyeball Man	Henchman	Joker & Harley		Stan			Cosplayers				27	350	5	5+	2	3	2	5	3	Carbine	-	-	-	-	Street Guy	Cyclops	OCD (MD)	-	-	-	-	-	-	-	-	-	SSqS						
The Punisher - 90 - 500	0	Frank Castle	The Punisher	Free Agent	Spiderman / S.H.I.E.L.D.		Frank Castle							90	500	7	4+	2	4	4	8	3	M16	Magnum	-	-	-	Bulletproof Vest	Dirty Fighter	Judgement	Master Fighter	Shooter	Sturdy	Veteran	-	-	-	-	-	THE PUNISHER 35		Spiderman	S.H.I.E.L.D.			
																																														
The Riddler - 69 - 0	0	Edward Nigma	The Riddler	Free Agent	Unknown		Edward Nigma	Batman / LAW Forces / Green Arrow						69	0	6	5+	3	3	3	6	3	Riddler Baton	-	-	-	-	Confusion (2SC)	Mastermind	Disarray (1SC)	Puzzle Master	Trickster	-	-	-	-	-	-	-	THE RIDDLER		Unknown				
The Riddler - Modern Age - 80 - 0	0	Edward Nigma	The Riddler (Modern Age)	Leader	Riddler		Edward Nigma							80	0	8	5+	2	3	3	7	3	Cane-Sword	-	-	-	-	Wizard of Quiz	Quiz Master	A Challenge for you	Riddler Bots	Confusion (2SC)	Goad	Master Mind	Puzzle Master	-	-	-	-							
Titan Blue Penguin - 53 - 0	0	Unknown	Titan Blue Penguin	Minion	Penguin		Titan Blue Penguin					Minion		53	0	6	3+	2	3	3	8	3	Reinforced Gloves	-	-	-	-	Large	Brutal	Sturdy	Stupid	-	-	-	-	-	-	-	-	PENGUIN´S TITAN THUG		Penguin				
Titan Clown - 59 - 0	0	Unknown	Titan Clown	Henchman	Joker & Harley		Titan Clown							59	0	6	3+	2	4	2	8	3	Reinforced Gloves	-	-	-	-	Sturdy	Stupid	Bloodthirsty (MD)	Large	-	-	-	-	-	-	-	-	JOKERS´S TITAN CLOWN		Joker				
TNT - E - 43 - 600	0	Unknown	TNT	Henchman	Bane		TNT			Soldier of Fortune				43	600	5	5+	3	3	3	6	3	Assault Rifle	-	-	-	-	Veteran	Order (1SC)	Hardened	Flak Armour	-	-	-	-	-	-	-	-	BANE'S THUGS SET I		Bane				
Tot - 17 - 100	0	Unknown	Tot	Henchman	Two-Face		Tot							17	100	4	5+	2	3	2	5	3	Shield	Petrol Bomb	-	-	-	Criminal	-	-	-	-	-	-	-	-	-	-	-	TWO-FACE'S GANG SET II		Two-Face				
Triston - 26 - 300	0	Unknown	Triston	Henchman	Joker & Harley		Triston							26	300	4	5+	2	3	3	5	3	Shotgun	-	-	-	-	Runaway	Dirty Fighter	-	-	-	-	-	-	-	-	-	-	JOKER'S CLOWNS SET I		Joker				
Troy Sins - 16 - 0	0	Troy Santino	Troy Sins	Henchman	Organized Crime / Black Mask / Two-Face 		Troy Santino							16	0	4	4+	2	3	2	4	3	Baseball Bat	-	-	-	-	Criminal	Tireless	#N/A	-	-	-	-	-	-	-	-	-							
Turk - 25 - 400	0	Classified	Turk	Henchman	Unknown		Turk	Batman / LAW Forces / Green Arrow						25	400	5	5+	2	4	2	5	3	Handgun	Handgun	-	-	-	Gunman	-	-	-	-	-	-	-	-	-	-	-	BLACKGATE PRISONERS SET I		Unknown				
Tweedledee - 30 - 300	0	Deever Tweet	Tweedledee	Henchman	Wonderland Gang / Joker & Harley		Deever Tweet							30	300	5	5+	2	3	3	6	3	Blastgun	-	-	-	-	Bodyguard (1SC/P)	Brutal	Distract (1SC)	Immun to Stunned Effect	Lazy Cousins	-	-	-	-	-	-	-	WONDERLAND GANG		Wonderland Gang	Joker			
Tweedledum - 38 - 600	0	Dumfree Tweet	Tweedledum	Henchman	Wonderland Gang / Joker & Harley		Dumfree Tweet							38	600	5	5+	2	3	3	6	3	Assault Rifle	-	-	-	-	Bodyguard (1SC/P)	Strategist	Scheming/1	Immune to Stun Effect	Lazy Cousins	-	-	-	-	-	-	-	WONDERLAND GANG		Wonderland Gang	Joker			
Two Face - EB - 101 - 0	0	Harvey Dent	Two Face	Leader	Two-Face		Harvey Dent		Catwoman		Gangster			101	0	7	4+	2	4	4	9	3	Thompson Dents	Knuckles Reinforced Gloves	-	-	-	Judgement	Bipolar (MD)	Master Marksman	Attorneys & Allegation (2SC)	Runaway	Sturdy	-	-	-	-	-	-	TWO-FACE´S CREW	Harvey Dent	Two-Face		Black Mask	Two-Face	
Twoowt - 12 - 0	0	Unknown	Twoowt	Minion	Two-Face		Twoowt					Minion		12	0	4	5+	2	3	2	5	3	Knife	-	-	-	-	Criminal	-	-	-	-	-	-	-	-	-	-	-	TWO-FACE´S CREW		Two-Face				
Venom Soldier - 57 - 0	0	Unknown	Venom Soldier	Henchman	Bane		Venom Soldier							57	0	6	4+	2	3	3	7	3	Reinforced Gloves	-	-	-	-	Bodyguard (1SC/P)	Brutal	Large	Hardened	Titan Dose x2	-	-	-	-	-	-	-	BANE'S THUGS SET I		Bane				
Vipera - E - 27 - 300	0	Samuel Hill	Vipera	Henchman	Organized Crime / Black Mask / Two-Face 		Samuel Hill			Gangster				27	300	4	4+	2	3	2	4	3	Modified Automatic Gun Silencer	-	-	-	-	Criminal	Undercover	#N/A	-	-	-	-	-	-	-	-	-							
Victor Zsasz - 75 - 0	0	Unknown	Victor Zsasz	Free Agent	Unknown		Victor Zsasz	Batman / LAW Forces / Green Arrow						75	0	6	4+	4	4	4	7	3	Hunting Knife	-	-	-	-	Death Marks	Devastating Blow (1SC)	Tension	Fast	Psycho	Unpredictable	-	-	-	-	-	-	VICTOR ZSASZ & ARKHAM LUNATICS		Unknown				
																																														
White Rabbit - 55 - 0	0	Jaina Hudson	White Rabbit	Free Agent	Wonderland Gang / Bane		Jaina Hudson		Lobo					55	0	6	5+	4	3	4	5	3	Long Spiked Heels	-	-	-	-	Acrobat	Bluff (1SC)	Fast	Confusion (2SC)	Escape Artist	-	-	-	-	-	-	-	WONDERLAND GANG		Wonderland Gang	Bane			
Wildcat	0																							-	-	-	-		-																	
William Cobb - 68 - 0	0	William Cobb	William Cobb	Henchman	The Court of Owls		William Cobb							68	0	7	4+	3	4	4	7	3	Knife	Owl Knife	-	-	-	Weakness: Cold	Reanimated Owl	Precise Blow (1SC)	Combo: Knife	Elusive (1MC/P)	Martial Artist	Undercover	-	-	-	-	-	THE COURT OWLS		The Court of Owls				
Wonder Girl	0																							-	-	-	-	-																		
Xiao Loong - 49 - 0	0	Xiao Loong	Xiao Loong	Henchman	The Court of Owls		Xiao Loong		Lobo					49	0	6	4+	3	4	4	6	3	Owl Knife	Tanto	-	-	-	Talon (Climbing Claws (1SC))	Weakness: Cold	Reanimated Owl	Martial Artist	Sneak Attack (1SC)	Stealth	-	-	-	-	-	-	THE COURT OWLS		The Court of Owls				
Yang - E - 31 - 0	0	Unknown	Yang	Henchman	LoS		Yang			Ninja				31	0	4	5+	3	3	4	5	3	Katana	-	-	-	-	Combo: Katana	Martial Artist	Stealth	-	-	-	-	-	-	-	-	-	RA'S AL GHUL AND THE LEAGUE OF SHADOWS		League of Shadows				
Ying - E - 30 - 0	0	Unknown	Ying	Henchman	LoS		Ying			Ninja				30	0	4	5+	3	3	4	5	3	Katana	-	-	-	-	Climbing Shoes	Martial Artist	Stealth	Hardened	-	-	-	-	-	-	-	-	RA'S AL GHUL AND THE LEAGUE OF SHADOWS		League of Shadows				
Zur-En-Arrh Batman - Tournament Card - 125 - 0	0	Bruce Wayne	Zur-En-Arrh Batman	Leader	Batman		Bruce Wayne							125	0	6	3+	3	6	4	8	3	Batlings	Reinforced Gloves	-	-	-	Bipolar	Kevlar Vest	Detective	Devastating Blow (1SC)	Batclaw (1SC+1MC)	Batcape (1SC/P)	-	-	-	-	-	-	Tournament Card ()	Bruce Wayne	Batman				
Zwoowz - 20 - 400	0	Unknown	Zwoowz	Minion	Two-Face		Zwoowz					Minion		20	400	4	5+	2	3	2	5	3	MG 2	-	-	-	-	Criminal	-	-	-	-	-	-	-	-	-	-	-	TWO-FACE´S CREW		Two-Face				
